stationid,highwayid,milepost,locationtext,length,numberlanes,agencyid,x_coord,y_coord,active_dates
5208,55,36.15,Salmon CR SB,,,205es03616:_MS,-122.640267,45.71191,"{""bounds"": ""[)"", ""lower"": ""2017-04-06"", ""upper"": null}"
3154,10,0.25,Wilshire (2DS043) @ SB OR 217 MP0.25,0.185,,321,-122.78043,45.50622,"{""bounds"": ""[)"", ""lower"": ""2014-04-29"", ""upper"": null}"
10522,610,304.4,Alberta HOV (2R003) to NB I-5,0.62,,388,-122.67814,45.56172,"{""bounds"": ""[)"", ""lower"": ""2017-12-04"", ""upper"": null}"
10285,608,6.7,102nd off-ramp (2DS020) @ EB I-84 MP6.7,31.745,,285,-122.55889,45.54448,"{""bounds"": ""[)"", ""lower"": ""2015-11-12"", ""upper"": null}"
10358,608,5.82,Halsey off-ramp (2DS019) @ EB I-84 MP5.82,0.94,,358,-122.5659,45.53213,"{""bounds"": ""[)"", ""lower"": ""2015-11-12"", ""upper"": null}"
1010,1,295.18,Capitol (2R306) to NB I-5,1.26,,157,-122.72042,45.45293,"{""bounds"": ""[)"", ""lower"": ""2012-03-01"", ""upper"": null}"
1004,1,289.63,WB Nyberg Slip (2R312) to NB I-5,0.57,,383,-122.7511,45.38279,"{""bounds"": ""[)"", ""lower"": ""2012-03-01"", ""upper"": null}"
1011,1,296.26,Spring Garden (2R305) to NB I-5,0.71,,158,-122.69942,45.46213,"{""bounds"": ""[)"", ""lower"": ""2012-03-01"", ""upper"": null}"
1008,1,293.18,Haines (2R308) to NB I-5,0.78,,155,-122.7431,45.43495,"{""bounds"": ""[)"", ""lower"": ""2012-03-01"", ""upper"": null}"
1007,1,292.18,OR 217/Kruse Way (2R317) to NB I-5,0.785,,83,-122.74224,45.42213,"{""bounds"": ""[)"", ""lower"": ""2012-03-01"", ""upper"": null}"
1009,1,293.74,99W (2R307) to NB I-5,1.0,,156,-122.74179,45.4429,"{""bounds"": ""[)"", ""lower"": ""2012-03-01"", ""upper"": null}"
1039,2,290.4,Lower Boones (2R321) to SB I-5,0.935,,86,-122.74824,45.39565,"{""bounds"": ""[)"", ""lower"": ""2012-03-01"", ""upper"": null}"
1075,10,4.35,Scholls Ferry (2R332) to SB OR 217,0.805,,18,-122.7847,45.45004,"{""bounds"": ""[)"", ""lower"": ""2012-03-01"", ""upper"": null}"
1078,10,2.55,Allen (2R341) to SB OR 217,0.6,,15,-122.78918,45.47556,"{""bounds"": ""[)"", ""lower"": ""2012-03-01"", ""upper"": null}"
1122,12,73.71,Clay (2R383) to WB US 26,0.69,,144,-122.68813,45.5154,"{""bounds"": ""[)"", ""lower"": ""2012-03-01"", ""upper"": null}"
1096,2,299.5,Naito/Harbor (2R391) to SB I-5,0.775,,67,-122.67535,45.50592,"{""bounds"": ""[)"", ""lower"": ""2014-04-15"", ""upper"": null}"
1065,9,2.16,Allen (2R340) to NB OR 217,0.59,,8,-122.78911,45.47688,"{""bounds"": ""[)"", ""lower"": ""2014-04-29"", ""upper"": null}"
1080,10,0.76,Walker (2R346) to SB OR 217,0.525,,13,-122.79154,45.49757,"{""bounds"": ""[)"", ""lower"": ""2014-04-29"", ""upper"": null}"
1064,9,1.34,Canyon (2R344) to NB OR 217,0.42,,9,-122.79146,45.49159,"{""bounds"": ""[)"", ""lower"": ""2014-04-29"", ""upper"": null}"
1121,6,1.37,Montgomery (2R384) to SB I-405,0.31,,62,-122.69015,45.51335,"{""bounds"": ""[)"", ""lower"": ""2014-06-05"", ""upper"": null}"
3109,5,1.77,Jefferson (2DS008) @ NB I-405 MP1.77,0.485,,98,-122.68787,45.51688,"{""bounds"": ""[)"", ""lower"": ""2014-06-06"", ""upper"": null}"
3210,611,0.0,WB US 26 (2DS045) to SB OR 217 MP69.1,0.1,,118,-122.7797,45.50915,"{""bounds"": ""[)"", ""lower"": ""2014-06-12"", ""upper"": null}"
3211,611,0.0,EB US 26 (2DS046) to SB OR 217 MP69.16,0.1,,119,-122.77991,45.50865,"{""bounds"": ""[)"", ""lower"": ""2014-06-12"", ""upper"": null}"
3165,1,285.58,N. Wilsonville (2DS051) @ NB I-5 MP285.28,1.085,,99,-122.76906,45.32328,"{""bounds"": ""[)"", ""lower"": ""2014-07-14"", ""upper"": null}"
1130,1,283.93,Wilsonville Rd (2R396) to NB I-5,1.325,,113,-122.76951,45.30413,"{""bounds"": ""[)"", ""lower"": ""2014-07-14"", ""upper"": null}"
1001,1,286.1,EB Elligsen Loop (2R315) to NB I-5,0.36,,103,-122.76774,45.33496,"{""bounds"": ""[)"", ""lower"": ""2014-07-14"", ""upper"": null}"
3191,1,287.46,Norwood (2DS052) @ NB I-5 MP287.46,1.55,,100,-122.76467,45.35355,"{""bounds"": ""[)"", ""lower"": ""2014-07-14"", ""upper"": null}"
1040,2,289.38,Nyberg (2R320) to SB I-5,1.47,,85,-122.75325,45.38242,"{""bounds"": ""[)"", ""lower"": ""2014-07-14"", ""upper"": null}"
3182,2,283.93,Wilsonville Rd (2R399) to SB I-5,1.175,,84,-122.76967,45.29981,"{""bounds"": ""[)"", ""lower"": ""2014-09-15"", ""upper"": null}"
1139,609,71.08,WB US 26 Frontage (2R367) at Skyline,1.385,,150,-122.73729,45.50892,"{""bounds"": ""[)"", ""lower"": ""2014-09-17"", ""upper"": null}"
1108,2,296.26,Spring Garden (2R305) on SB I-5,1.06,,176,-122.70014,45.46303,"{""bounds"": ""[)"", ""lower"": ""2014-09-19"", ""upper"": null}"
3193,1,298.9,Corbett (2DS056) @ NB I-5 MP298.9,1.05,,49,-122.67668,45.48839,"{""bounds"": ""[)"", ""lower"": ""2014-09-23"", ""upper"": null}"
1105,2,293.36,99W (2R324) to SB I-5,0.475,,174,-122.74223,45.4418,"{""bounds"": ""[)"", ""lower"": ""2014-10-22"", ""upper"": null}"
3115,2,294.05,OR 99W (2DS053) @ SB I-5 MP294.05,0.91,,270,-122.74062,45.44359,"{""bounds"": ""[)"", ""lower"": ""2014-10-22"", ""upper"": null}"
3161,11,72.17,Zoo on-ramp (2DS065) @ EB US26 MP72.17,0.41,,129,-122.71918,45.507,"{""bounds"": ""[)"", ""lower"": ""2014-10-01"", ""upper"": null}"
1091,11,71.39,Skyline (2R368) to EB US 26,0.635,,141,-122.73599,45.50817,"{""bounds"": ""[)"", ""lower"": ""2014-08-07"", ""upper"": null}"
1134,6,0.97,5th (2R394) to SB I-405,0.555,,60,-122.68338,45.50683,"{""bounds"": ""[)"", ""lower"": ""2012-03-01"", ""upper"": null}"
3126,8,0.45,W. Grand (2DS013) @ WB I-84 MP0.45,0.83,,294,-122.66042,45.52549,"{""bounds"": ""[)"", ""lower"": ""2014-11-18"", ""upper"": null}"
1056,7,1.33,16th ( 2R076) to EB I-84,0.305,,204,-122.64958,45.52816,"{""bounds"": ""[)"", ""lower"": ""2014-11-18"", ""upper"": null}"
1059,8,4.9,82nd/Halsey (2R080) to WB I-84,0.39,,210,-122.58081,45.53369,"{""bounds"": ""[)"", ""lower"": ""2014-11-18"", ""upper"": null}"
3129,7,1.82,28th (2DS015) @ EB I-84 MP1.82,0.635,,279,-122.63511,45.53036,"{""bounds"": ""[)"", ""lower"": ""2014-11-18"", ""upper"": null}"
1125,4,14.58,Sunnyside (2R028) to SB I-205,0.96,,242,-122.56649,45.43175,"{""bounds"": ""[)"", ""lower"": ""2014-12-01"", ""upper"": null}"
1046,3,16.2,Johnson Cr (2R049) to NB I-205,1.505,,224,-122.5716,45.45669,"{""bounds"": ""[)"", ""lower"": ""2014-12-01"", ""upper"": null}"
1045,3,15.09,Sunnyside (2R054) to NB I-205,0.82,,223,-122.5665,45.43392,"{""bounds"": ""[)"", ""lower"": ""2014-12-01"", ""upper"": null}"
1098,4,16.24,Johnson Creek (2R034) to SB I-205,1.46,,243,-122.57371,45.45602,"{""bounds"": ""[)"", ""lower"": ""2014-12-01"", ""upper"": null}"
1053,4,18.92,Powell (2R032) to SB I-205,0.875,,245,-122.56578,45.49591,"{""bounds"": ""[)"", ""lower"": ""2014-12-01"", ""upper"": null}"
10347,612,0.0,D Far Side,0.5,,347,-122.5636,45.5385,"{""bounds"": ""[)"", ""lower"": ""2015-09-16"", ""upper"": null}"
3136,8,5.82,Halsey (2DS019) @ WB I-84 MP5.82,0.835,,301,-122.5659,45.53213,"{""bounds"": ""[)"", ""lower"": ""2014-12-02"", ""upper"": null}"
3135,7,5.82,Halsey (2DS019) @ EB I-84 MP5.82,0.835,,283,-122.5659,45.53213,"{""bounds"": ""[)"", ""lower"": ""2014-12-02"", ""upper"": null}"
10359,610,292.06,NB I-5 (2DS082) to NB OR 217,150.135,,359,-122.74375,45.4201,"{""bounds"": ""[)"", ""lower"": ""2015-12-02"", ""upper"": null}"
3133,7,5.03,82nd (2DS018) @ EB I-84 MP5.03,0.785,,282,-122.57891,45.53289,"{""bounds"": ""[)"", ""lower"": ""2014-12-02"", ""upper"": null}"
3134,8,5.03,82nd (2DS018) @ WB I-84 MP5.03,0.46,,300,-122.57891,45.53289,"{""bounds"": ""[)"", ""lower"": ""2014-12-02"", ""upper"": null}"
10317,1,291.47,Carman (2DS072) @ NB I-5 MP291.48,0.535,,317,-122.7436,45.41019,"{""bounds"": ""[)"", ""lower"": ""2015-02-24"", ""upper"": null}"
10318,2,291.48,Carman (2DS072) @ SB I-5 MP291.48,0.925,,318,-122.7436,45.41019,"{""bounds"": ""[)"", ""lower"": ""2015-02-24"", ""upper"": null}"
3152,8,15.94,238th (2DS027) @ WB I-84 MP15.94,0.865,,309,-122.41853,45.53952,"{""bounds"": ""[)"", ""lower"": ""2015-02-23"", ""upper"": null}"
1110,3,9.03,NB OR 43 (2DS095) to NB I-205,0.325,,357,-122.6081,45.36311,"{""bounds"": ""[)"", ""lower"": ""2015-03-10"", ""upper"": null}"
3001,4,10.2,Park Place (2DS078) @ SB I-205 MP10.2,0.475,,272,-122.58771,45.37516,"{""bounds"": ""[)"", ""lower"": ""2015-03-10"", ""upper"": null}"
3002,3,10.2,Park Place (2DS078) @ NB I-205 MP10.2,0.41,,271,-122.58771,45.37516,"{""bounds"": ""[)"", ""lower"": ""2015-03-10"", ""upper"": null}"
1102,4,10.24,OR 213/Park Place (2R036) to SB I-205,0.425,,236,-122.58894,45.37451,"{""bounds"": ""[)"", ""lower"": ""2015-03-10"", ""upper"": null}"
1144,3,10.27,OR 213/Park Place (2R035) to I-205 NB,0.425,,218,-122.58699,45.37489,"{""bounds"": ""[)"", ""lower"": ""2015-03-10"", ""upper"": null}"
1101,4,11.05,82nd Dr/Gladstone (2R039) to SB I-205,1.215,,237,-122.58022,45.38418,"{""bounds"": ""[)"", ""lower"": ""2015-03-10"", ""upper"": null}"
1042,3,11.05,82nd Dr/Gladstone (2R044) to NB I-205,1.335,,219,-122.57787,45.38474,"{""bounds"": ""[)"", ""lower"": ""2015-03-10"", ""upper"": null}"
3178,11,61.05,Helvetia (2DS057) @ EB US26 MP61.05,1.225,,259,-122.9264,45.56464,"{""bounds"": ""[)"", ""lower"": ""2015-06-19"", ""upper"": null}"
1133,5,2.46,Glisan (2R395) to NB I-405,0.95,,66,-122.68651,45.52676,"{""bounds"": ""[)"", ""lower"": ""2015-06-15"", ""upper"": null}"
1086,11,67.4,Murray (2R365) to EB US 26,1.325,,196,-122.81417,45.52116,"{""bounds"": ""[)"", ""lower"": ""2015-06-02"", ""upper"": null}"
1081,11,61.25,Helvetia (2R374) to EB US 26,0.71,,190,-122.92497,45.56297,"{""bounds"": ""[)"", ""lower"": ""2015-06-03"", ""upper"": null}"
1087,11,68.55,Cedar Hills (2R369) to EB US 26,0.91,,197,-122.79047,45.5124,"{""bounds"": ""[)"", ""lower"": ""2015-06-02"", ""upper"": null}"
1028,2,305.97,Columbia (2R011) to SB I-5,0.35,,185,-122.68043,45.58637,"{""bounds"": ""[)"", ""lower"": ""2015-06-16"", ""upper"": null}"
1018,1,302.5,Broadway (2R001) to NB I-5,0.6,,165,-122.66727,45.53625,"{""bounds"": ""[)"", ""lower"": ""2015-06-16"", ""upper"": null}"
1147,2,306.6,Victory (2R021) to SB I-5,0.69,,186,-122.68354,45.59298,"{""bounds"": ""[)"", ""lower"": ""2015-06-16"", ""upper"": null}"
3174,2,305.9,N. Columbia off-ramp (2DS080) @ SB I-5 MP305.9,0.185,,324,-122.68015,45.58586,"{""bounds"": ""[)"", ""lower"": ""2015-06-16"", ""upper"": null}"
3123,1,305.6,N. Lombard off-ramp (2DS012) @ NB I-5 MP305.6,0.39,,256,-122.67886,45.57877,"{""bounds"": ""[)"", ""lower"": ""2015-06-16"", ""upper"": null}"
1020,1,304.4,Alberta (2R003) to NB I-5,0.62,,167,-122.67814,45.56172,"{""bounds"": ""[)"", ""lower"": ""2015-06-16"", ""upper"": null}"
1029,2,305.51,WB Lombard (2R013) to SB I-5,0.1,,184,-122.67901,45.57815,"{""bounds"": ""[)"", ""lower"": ""2015-06-17"", ""upper"": null}"
3125,7,0.45,W. Grand (2DS013) @ EB I-84 MP0.45,0.21,,277,-122.66042,45.52549,"{""bounds"": ""[)"", ""lower"": ""2015-06-17"", ""upper"": null}"
3172,2,303.47,SB I-5 (2DS011) @ I-405 MP303.47,0.4,,255,-122.67889,45.54731,"{""bounds"": ""[)"", ""lower"": ""2015-06-17"", ""upper"": null}"
1032,2,304.08,Alberta (2R015) to SB I-5,0.475,,181,-122.67898,45.55758,"{""bounds"": ""[)"", ""lower"": ""2015-06-17"", ""upper"": null}"
1023,1,306.51,Victory (2R006) to NB I-5,0.78,,170,-122.68373,45.59644,"{""bounds"": ""[)"", ""lower"": ""2015-06-16"", ""upper"": null}"
1027,2,307.35,Marine Dr/99E (2R010) to SB I-5,0.65,,187,-122.68352,45.60327,"{""bounds"": ""[)"", ""lower"": ""2015-06-17"", ""upper"": null}"
3121,2,302.51,Broadway (2DS010) @ SB I-5 MP302.51,0.465,,72,-122.66727,45.53625,"{""bounds"": ""[)"", ""lower"": ""2015-06-17"", ""upper"": null}"
1030,2,305.4,EB Lombard (2R012) to SB I-5,0.33,,183,-122.67924,45.5769,"{""bounds"": ""[)"", ""lower"": ""2015-06-17"", ""upper"": null}"
10356,1,300.99,WB Morrison (2R017) to NB I-5,0.26,,356,-122.66582,45.51903,"{""bounds"": ""[)"", ""lower"": ""2015-10-21"", ""upper"": null}"
1089,11,69.22,Parkway (2R370) to EB US 26,0.38,,138,-122.77659,45.5069,"{""bounds"": ""[)"", ""lower"": ""2015-06-02"", ""upper"": null}"
3186,611,300.26,Marquam Bridge Catwalk (2DS058) @ SB I-5 MP300.26,4.06,,125,-122.67126,45.50672,"{""bounds"": ""[)"", ""lower"": ""2015-10-09"", ""upper"": null}"
1024,1,307.46,Marine Dr/99E (2R007) to NB I-5,0.695,,171,-122.68102,45.6041,"{""bounds"": ""[)"", ""lower"": ""2015-06-18"", ""upper"": null}"
10521,9,6.33,S. OR99W (2DS033) @ NB OR 217 MP6.33,0.355,,360,-122.75655,45.43011,"{""bounds"": ""[)"", ""lower"": ""2016-03-04"", ""upper"": null}"
3124,1,305.9,N. Columbia off-ramp (2DS080) @ NB I-5 MP305.9,0.455,,325,-122.68015,45.58586,"{""bounds"": ""[)"", ""lower"": ""2015-06-16"", ""upper"": null}"
10212,8,14.43,207th (2R085) to WB I-84,0.385,,212,-122.44592,45.53934,"{""bounds"": ""[)"", ""lower"": ""2016-05-31"", ""upper"": null}"
10380,10,5.43,S. Greenburg (2DS041) @ SB OR 217 MP5.43,0.42,,380,-122.76944,45.43969,"{""bounds"": ""[)"", ""lower"": ""2017-07-13"", ""upper"": null}"
10381,9,5.43,S. Greenburg (2DS041) @ NB OR 217 MP5.43,0.6,,381,-122.76944,45.43969,"{""bounds"": ""[)"", ""lower"": ""2017-07-13"", ""upper"": null}"
3150,8,15.17,223rd (2DS026) @ WB I-84 MP15.17,0.755,,308,-122.43399,45.54189,"{""bounds"": ""[)"", ""lower"": ""2016-05-31"", ""upper"": null}"
1074,10,5.11,Greenburg (2R333) to SB OR 217,0.54,,19,-122.77623,45.44268,"{""bounds"": ""[)"", ""lower"": ""2017-07-13"", ""upper"": null}"
10523,610,305.12,Rosa Parks HOV (2R004) to NB I-5,1.055,,389,-122.67798,45.57119,"{""bounds"": ""[)"", ""lower"": ""2017-12-04"", ""upper"": null}"
10520,610,300.47,Marquam Bridge (2DS079) @ NB I-5 MP300.47,5.91,,314,-122.66726,45.5092,"{""bounds"": ""[)"", ""lower"": ""2017-12-04"", ""upper"": null}"
10524,610,303.88,Going HOV (2R002) to NB I-5,1.965,,387,-122.67791,45.5546,"{""bounds"": ""[)"", ""lower"": ""2017-12-04"", ""upper"": null}"
10525,610,306.51,Victory HOV (2R006) to NB I-5,1.4,,390,-122.68373,45.59644,"{""bounds"": ""[)"", ""lower"": ""2017-12-04"", ""upper"": null}"
10526,622,24.41,Newberg Home Acres OR99W NB MP 24.41,1.0,,402,-122.98924,45.29606,"{""bounds"": ""[)"", ""lower"": ""2017-12-19"", ""upper"": null}"
10527,621,56.18,Dundee Fulquartz OR18 WB MP 56.18,0.785,,392,-123.00905,45.27068,"{""bounds"": ""[)"", ""lower"": ""2017-12-19"", ""upper"": null}"
10528,621,56.75,Dundee 8th OR18 WB MP 56.75,0.885,,395,-122.99959,45.27515,"{""bounds"": ""[)"", ""lower"": ""2017-12-19"", ""upper"": null}"
10529,623,24.41,Newberg Home Acres OR99W SB MP 24.41,1.0,,401,-122.98924,45.29606,"{""bounds"": ""[)"", ""lower"": ""2017-12-19"", ""upper"": null}"
10530,620,57.95,Newberg Waterfront OR18 EB MP 57.95,1.145,,398,-122.97925,45.28478,"{""bounds"": ""[)"", ""lower"": ""2017-12-19"", ""upper"": null}"
10531,620,59.04,Newberg Wynooski OR18 EB MP 59.04,1.045,,400,-122.96061,45.29088,"{""bounds"": ""[)"", ""lower"": ""2017-12-19"", ""upper"": null}"
10532,621,59.04,Newberg Wynooski OR18 WB MP 59.04,1.045,,399,-122.96061,45.29088,"{""bounds"": ""[)"", ""lower"": ""2017-12-19"", ""upper"": null}"
10533,621,57.95,Newberg Waterfront OR18 WB MP 57.95,1.145,,397,-122.97925,45.28478,"{""bounds"": ""[)"", ""lower"": ""2017-12-19"", ""upper"": null}"
10534,620,56.75,Dundee 8th OR18 EB MP 56.75,0.885,,396,-122.99959,45.27515,"{""bounds"": ""[)"", ""lower"": ""2017-12-19"", ""upper"": null}"
10535,620,56.18,Dundee Fulquartz OR18 EB MP 56.18,0.785,,394,-123.00905,45.27068,"{""bounds"": ""[)"", ""lower"": ""2017-12-19"", ""upper"": null}"
1126,4,14.32,Sunnybrook (2R029) to SB I-205,0.6,,241,-122.56689,45.42862,"{""bounds"": ""[)"", ""lower"": ""2015-03-09"", ""upper"": null}"
10538,606,83.51,Parkdale (2DS120) @ NB OR35 MP83.51,6.76,,406,-121.56578,45.51753,"{""bounds"": ""[)"", ""lower"": ""2018-03-12"", ""upper"": null}"
10539,607,83.51,Parkdale (2DS120) @ SB OR35 MP83.51,6.76,,405,-121.56578,45.51753,"{""bounds"": ""[)"", ""lower"": ""2018-03-12"", ""upper"": null}"
10542,606,55.99,Trillium Lake (2DS117) @ SB US26 MP55.99,1.695,,409,-121.72479,45.28413,"{""bounds"": ""[)"", ""lower"": ""2018-05-09"", ""upper"": null}"
10543,607,55.99,Trillium Lake (2DS117) @ NB US26 MP55.99,1.695,,410,-121.72479,45.28413,"{""bounds"": ""[)"", ""lower"": ""2018-05-09"", ""upper"": null}"
10546,12,73.71,Vista Ridge (2DS108) @ WB US26 MP73.71,0.69,,413,-122.69324,45.5156,"{""bounds"": ""[)"", ""lower"": ""2018-05-30"", ""upper"": null}"
1112,12,73.33,Jefferson (2R382) to WB US 26,0.27,,143,-122.6992,45.51682,"{""bounds"": ""[)"", ""lower"": ""2018-05-30"", ""upper"": null}"
10585,3,19.92,Division Ramp (2DS152) @ NB I-205 MP19.92,0.68,,458,-122.56514,45.50863,"{""bounds"": ""[)"", ""lower"": ""2019-10-14"", ""upper"": null}"
10587,3,20.9,Burnside (2DS145) @ NB I-205 MP20.9,0.76,,457,-122.56545,45.5228,"{""bounds"": ""[)"", ""lower"": ""2019-10-14"", ""upper"": null}"
10588,3,19.54,Powell Ramp (2DS153) @ NB I-205 MP19.54,0.91,,461,-122.56494,45.50277,"{""bounds"": ""[)"", ""lower"": ""2019-10-14"", ""upper"": null}"
10550,11,72.65,E. Zoo Interchange (2DS107) @ EB US26 MP72.65,0.48,,418,-122.71008,45.50709,"{""bounds"": ""[)"", ""lower"": ""2018-07-02"", ""upper"": null}"
10551,3,2.8,Stafford Rd (2DS139) to NB I-205 MP2.8,0.795,,421,-122.71333,45.37174,"{""bounds"": ""[)"", ""lower"": ""2018-07-02"", ""upper"": null}"
10552,12,72.65,E. Zoo Interchange (2DS107) @ WB US26 MP72.65,0.5,,419,-122.71008,45.50709,"{""bounds"": ""[)"", ""lower"": ""2018-07-02"", ""upper"": null}"
10553,3,3.58,Stafford Rd (2DS138) to NB I-205 MP3.58,0.92,,420,-122.69776,45.36769,"{""bounds"": ""[)"", ""lower"": ""2018-07-02"", ""upper"": null}"
10554,11,69.77,SW 88th (2DS144) @ EB US26 MP69.77,0.425,,425,-122.76713,45.50583,"{""bounds"": ""[)"", ""lower"": ""2018-07-26"", ""upper"": null}"
10555,8,2.64,39th (2DS109) @ WB I-84 MP2.64,0.48,,424,-122.6213,45.5325,"{""bounds"": ""[)"", ""lower"": ""2018-07-26"", ""upper"": null}"
10556,7,2.64,39th (2DS109) @ EB I-84 MP2.64,0.38,,423,-122.6213,45.5325,"{""bounds"": ""[)"", ""lower"": ""2018-07-26"", ""upper"": null}"
10557,12,70.16,SW 79th (2DS106) @ WB US26 MP70.16,0.8,,428,-122.759,45.50548,"{""bounds"": ""[)"", ""lower"": ""2018-07-26"", ""upper"": null}"
10558,12,69.77,SW 88th (2DS144) @ WB US26 MP69.77,0.425,,426,-122.76713,45.50583,"{""bounds"": ""[)"", ""lower"": ""2018-07-26"", ""upper"": null}"
10559,11,70.16,SW 79th (2DS106) @ EB US26 MP70.16,0.565,,427,-122.759,45.50548,"{""bounds"": ""[)"", ""lower"": ""2018-07-26"", ""upper"": null}"
10349,607,57.52,US26 (2DS092) @ WB OR35 MP57.52,0.905,,349,-121.71364,45.28315,"{""bounds"": ""[)"", ""lower"": ""2018-09-12"", ""upper"": null}"
10566,607,53.93,Govt Camp Loop East (2DS116) @ WB US26 MP53.93,0.83,,443,-121.74754,45.30221,"{""bounds"": ""[)"", ""lower"": ""2018-11-27"", ""upper"": null}"
10563,606,51.83,Pioneer Brindle (2DS115) @ EB US26 MP51.83,1.245,,430,-121.78977,45.306,"{""bounds"": ""[)"", ""lower"": ""2018-11-27"", ""upper"": null}"
10567,606,52.44,Ski Bowl West (2DS140) @ EB US26 MP52.44,0.32,,441,-121.7787,45.3029,"{""bounds"": ""[)"", ""lower"": ""2018-11-27"", ""upper"": null}"
10568,606,53.93,Govt Camp Loop East (2DS116) @ EB US26 MP53.93,0.83,,444,-121.74754,45.30221,"{""bounds"": ""[)"", ""lower"": ""2018-11-27"", ""upper"": null}"
10569,606,47.83,USFS Rd 35 (2DS113) @ EB MP47.83,3.09,,445,-121.85444,45.30694,"{""bounds"": ""[)"", ""lower"": ""2018-11-27"", ""upper"": null}"
10339,606,43.77,Arlie Mitchell (2DS085) @ EB US26 MP43.77,2.53,,339,-121.91279,45.33134,"{""bounds"": ""[)"", ""lower"": ""2018-11-27"", ""upper"": null}"
10560,606,49.95,Run Away Truck Ramp (2DS114) @ EB US26 MP49.95,2.0,,433,-121.81695,45.30502,"{""bounds"": ""[)"", ""lower"": ""2018-11-27"", ""upper"": null}"
10562,607,51.83,Pioneer Brindle (2DS115) @ WB US26 MP51.83,1.245,,429,-121.78977,45.306,"{""bounds"": ""[)"", ""lower"": ""2018-11-27"", ""upper"": null}"
10570,607,52.44,Ski Bowl West (2DS140) @ WB US26 MP52.44,0.32,,442,-121.7787,45.3029,"{""bounds"": ""[)"", ""lower"": ""2018-11-27"", ""upper"": null}"
10571,607,47.83,USFS Rd 35 (2DS113) @ WB MP47.83,3.09,,446,-121.85444,45.30694,"{""bounds"": ""[)"", ""lower"": ""2018-11-27"", ""upper"": null}"
10340,607,43.77,Arlie Mitchell (2DS086) @ WB US26 MP43.77,2.53,,340,-121.91279,45.33134,"{""bounds"": ""[)"", ""lower"": ""2018-11-27"", ""upper"": null}"
10561,607,49.95,Run Away Truck Ramp (2DS114) @ WB US26 MP49.95,2.0,,431,-121.81695,45.30502,"{""bounds"": ""[)"", ""lower"": ""2018-11-27"", ""upper"": null}"
10573,3,6.89,N. of 10th (2DS137) @ NB I-205 MP6.89,0.36,,449,-122.64314,45.34888,"{""bounds"": ""[)"", ""lower"": ""2019-03-19"", ""upper"": null}"
1116,3,6.88,10th (2R378) to NB I-205,0.75,,214,-122.6495,45.34707,"{""bounds"": ""[)"", ""lower"": ""2019-03-19"", ""upper"": null}"
10576,3,8.56,OR43 (2DS135) @ NB I-205 MP8.56,0.6,,464,-122.6145,45.3603,"{""bounds"": ""[)"", ""lower"": ""2019-10-14"", ""upper"": null}"
10577,4,2.8,Stafford Rd (2DS139) to SB I-205 MP2,0.45,,451,-122.71333,45.37174,"{""bounds"": ""[)"", ""lower"": ""2019-10-14"", ""upper"": null}"
10578,3,25.6,Government Island (2DS146) @ NB I-205 MP25.6,0.74,,453,-122.54405,45.58352,"{""bounds"": ""[)"", ""lower"": ""2019-10-14"", ""upper"": null}"
10575,3,26.4,Glenn Jackson Bridge (2DS148) @ NB I-205 MP26.4,0.9,,450,-122.54742,45.59131,"{""bounds"": ""[)"", ""lower"": ""2019-10-14"", ""upper"": null}"
10579,4,25.6,Government Island (2DS146) @ SB I-205 MP25.6,0.915,,452,-122.54405,45.58352,"{""bounds"": ""[)"", ""lower"": ""2019-10-14"", ""upper"": null}"
10580,3,23.02,Maywood Park (2DS141) @ NB I-205 MP23.02,0.795,,454,-122.56446,45.55233,"{""bounds"": ""[)"", ""lower"": ""2019-10-14"", ""upper"": null}"
10581,4,19.92,Division Ramp (2DS152) @ SB I-205 MP19.92,0.4,,459,-122.56514,45.50863,"{""bounds"": ""[)"", ""lower"": ""2019-10-14"", ""upper"": null}"
10582,4,23.02,Maywood Park (2DS141) @ SB I-205 MP23.02,0.795,,455,-122.56446,45.55233,"{""bounds"": ""[)"", ""lower"": ""2019-10-14"", ""upper"": null}"
10583,4,19.54,Powell Ramp (2DS153) @ SB I-205 MP19.54,0.335,,462,-122.56494,45.50277,"{""bounds"": ""[)"", ""lower"": ""2019-10-14"", ""upper"": null}"
10586,611,19.92,Division Ramp On-Ramp (2DS152) @ SB I-205 MP19.92,145.065,,460,-122.56514,45.50863,"{""bounds"": ""[)"", ""lower"": ""2019-10-14"", ""upper"": null}"
10121,611,1.77,US 26 off-ramp (2DS008) @ SB I-405 MP1.77,9.86,,121,-122.68787,45.51688,"{""bounds"": ""[)"", ""lower"": ""2019-10-14"", ""upper"": null}"
1037,611,291.9,OR 217/Kruse Way (2R310) to SB I-5,139.94,,88,-122.74571,45.42103,"{""bounds"": ""[)"", ""lower"": ""2019-10-14"", ""upper"": null}"
10589,4,8.56,OR43 (2DS135) @ SB I-205 MP8.56,0.395,,463,-122.6145,45.3603,"{""bounds"": ""[)"", ""lower"": ""2019-10-14"", ""upper"": null}"
10235,4,9.29,99E (2R041) to SB I-205,0.82,,235,-122.60033,45.36661,"{""bounds"": ""[)"", ""lower"": ""2019-10-14"", ""upper"": null}"
10122,611,1.77,Taylor St on-ramp (2DS008) @ SB I-405 MP1.77,9.86,,122,-122.68787,45.51688,"{""bounds"": ""[)"", ""lower"": ""2014-06-05"", ""upper"": null}"
10590,3,13.62,Lawnfield (2DS154) at NB I-205 MP13.62,0.81,,471,-122.57208,45.42061,"{""bounds"": ""[)"", ""lower"": ""2020-01-07"", ""upper"": null}"
10584,3,21.44,Glisan Ramp (2DS151) @ NB I-205 MP21.44,0.39,,456,-122.56506,45.52837,"{""bounds"": ""[)"", ""lower"": ""2019-10-14"", ""upper"": null}"
10547,608,73.71,Vista Ridge (2DS108) @ EB US26 MP73.71 to SB I-405,0.545,,417,-122.69324,45.5156,"{""bounds"": ""[)"", ""lower"": ""2020-05-14"", ""upper"": null}"
10132,608,69.31,Camera 89 (2DS067) @ EB US26 MP69.31,33.46,,132,-122.77776,45.50797,"{""bounds"": ""[)"", ""lower"": ""2020-05-14"", ""upper"": null}"
10591,11,73.71,Vista Ridge (2DS108) @ EB US26 MP73.71,0.77,,414,-122.69324,45.5156,"{""bounds"": ""[)"", ""lower"": ""2020-05-14"", ""upper"": null}"
3209,609,69.1,NB OR 217 (2DS044) to WB US 26 MP0.08,31.8,,116,-122.7797,45.50915,"{""bounds"": ""[)"", ""lower"": ""2014-11-17"", ""upper"": null}"
10022,616,7.65,NW Expressway (E),0.915,,22,-123.16036,44.09794,"{""bounds"": ""[)"", ""lower"": ""2013-12-11"", ""upper"": null}"
10023,616,8.48,River Rd (E),0.885,,23,-123.12804,44.09717,"{""bounds"": ""[)"", ""lower"": ""2013-12-11"", ""upper"": null}"
10024,616,9.42,River Ave (E),0.785,,24,-123.10897,44.09619,"{""bounds"": ""[)"", ""lower"": ""2013-12-11"", ""upper"": null}"
10025,616,10.05,Delta Hwy (E),1.12,,25,-123.09982,44.09195,"{""bounds"": ""[)"", ""lower"": ""2013-12-11"", ""upper"": null}"
10026,616,11.66,Coburg Rd (E),1.055,,26,-123.06726,44.08781,"{""bounds"": ""[)"", ""lower"": ""2013-12-11"", ""upper"": null}"
10027,617,11.66,Coburg Rd (W),1.055,,27,-123.06726,44.08781,"{""bounds"": ""[)"", ""lower"": ""2013-12-11"", ""upper"": null}"
10028,617,10.05,Delta Hwy (W),1.12,,28,-123.09982,44.09195,"{""bounds"": ""[)"", ""lower"": ""2013-12-11"", ""upper"": null}"
10029,617,9.42,River Ave (W),0.785,,29,-123.10897,44.09619,"{""bounds"": ""[)"", ""lower"": ""2013-12-11"", ""upper"": null}"
10030,617,8.48,River Rd (W),0.885,,30,-123.12804,44.09717,"{""bounds"": ""[)"", ""lower"": ""2013-12-11"", ""upper"": null}"
10031,617,7.65,NW Expressway (W),0.915,,31,-123.16036,44.09794,"{""bounds"": ""[)"", ""lower"": ""2013-12-11"", ""upper"": null}"
10123,611,0.2,Ross Island off-ramp (2DS060) @ SB I-405 MP0.2,0.885,,123,-122.67393,45.5006,"{""bounds"": ""[)"", ""lower"": ""2014-06-12"", ""upper"": null}"
10134,609,69.31,Camera 89 (2DS067) @ WB US26 MP69.31,0.89,,134,-122.77776,45.50797,"{""bounds"": ""[)"", ""lower"": ""2014-09-17"", ""upper"": null}"
10313,626,252.3,Kuebler (3DS001) @ SB I-5 MP252.3,1.0,,313,-122.99555,44.89029,"{""bounds"": ""[)"", ""lower"": ""2015-01-27"", ""upper"": null}"
10326,612,0.0,A Near Side,0.5,,326,-122.64815,42.15814,"{""bounds"": ""[)"", ""lower"": ""2017-12-19"", ""upper"": null}"
10327,612,0.0,A Far Side,0.5,,327,-122.64815,42.15814,"{""bounds"": ""[)"", ""lower"": ""2015-07-23"", ""upper"": null}"
10328,612,0.0,B Near Side,0.5,,328,-122.61525,42.00873,"{""bounds"": ""[)"", ""lower"": ""2015-07-23"", ""upper"": null}"
10329,612,0.0,B Far Side,0.5,,329,-122.61525,42.00873,"{""bounds"": ""[)"", ""lower"": ""2015-07-23"", ""upper"": null}"
10330,612,0.0,C Near Side,0.5,,362,-122.57178,45.42128,"{""bounds"": ""[)"", ""lower"": ""2015-07-23"", ""upper"": null}"
10331,612,0.0,C Far Side,0.5,,363,-122.57178,45.42128,"{""bounds"": ""[)"", ""lower"": ""2015-09-14"", ""upper"": null}"
10332,612,0.0,D Near Side,0.5,,332,-122.5636,45.5385,"{""bounds"": ""[)"", ""lower"": ""2015-09-14"", ""upper"": null}"
10334,618,0.9,S. of Goodpasture (5DS003) @ NB Delta Hwy MP0.90,0.62,,334,-123.10338,44.08173,"{""bounds"": ""[)"", ""lower"": ""2015-08-05"", ""upper"": null}"
10335,618,0.66,N. of Goodpasture (5DS002) @ Delta Hwy MP0.66,0.29,,335,-123.10191,44.08501,"{""bounds"": ""[)"", ""lower"": ""2015-08-05"", ""upper"": null}"
10336,618,0.32,Beltline Hwy (5DS001) @ NB Delta Hwy MP0.32,0.49,,336,-123.09985,44.08944,"{""bounds"": ""[)"", ""lower"": ""2015-08-05"", ""upper"": null}"
10337,606,54.13,Maint West (2DS089) @ EB US26 MP54.13,1.03,,337,-121.744,45.30184,"{""bounds"": ""[)"", ""lower"": ""2018-11-27"", ""upper"": null}"
10338,607,54.13,Maint West (2DS090) @ WB US26 MP54.13,1.03,,338,-121.744,45.30184,"{""bounds"": ""[)"", ""lower"": ""2018-11-27"", ""upper"": null}"
10341,606,52.47,Govt Camp Loop West (2DS087) @ EB US26 MP52.47,0.745,,341,-121.76868,45.30263,"{""bounds"": ""[)"", ""lower"": ""2018-11-27"", ""upper"": null}"
10342,607,52.47,Govt Camp Loop West (2DS088) @ WB US26 MP52.47,0.745,,342,-121.76868,45.30263,"{""bounds"": ""[)"", ""lower"": ""2018-11-27"", ""upper"": null}"
10345,606,61.82,Frog Lake (2DS093) @ SB US26 MP61.82,4.61,,345,-121.70028,45.22876,"{""bounds"": ""[)"", ""lower"": ""2018-09-12"", ""upper"": null}"
10346,607,61.82,Frog Lake (2DS094) @ NB US26 MP61.82,4.61,,346,-121.70028,45.22876,"{""bounds"": ""[)"", ""lower"": ""2018-09-12"", ""upper"": null}"
10348,606,57.52,US26 (2DS092) @ EB OR35 MP57.52,0.905,,348,-121.71364,45.28315,"{""bounds"": ""[)"", ""lower"": ""2018-09-12"", ""upper"": null}"
10351,610,307.92,Jantzen Beach on-ramp (2DS106) @ NB I-5 MP307.92,1.205,,351,-122.6786,45.61181,"{""bounds"": ""[)"", ""lower"": ""2017-12-04"", ""upper"": null}"
10354,611,307.92,Jantzen Beach off-ramp (2DS109) @ SB I-5 MP307.92,4.33,,354,-122.6786,45.61181,"{""bounds"": ""[)"", ""lower"": ""2015-10-09"", ""upper"": null}"
10361,10,6.33,S. OR99W (2DS033) @ SB OR 217 MP6.33,0.41,,361,-122.75655,45.43011,"{""bounds"": ""[)"", ""lower"": ""2016-03-04"", ""upper"": null}"
10374,615,279.3,Baker Valley I-84 MP279.30 EB,9.86,,374,-117.95979,45.11459,"{""bounds"": ""[)"", ""lower"": ""2016-10-19"", ""upper"": null}"
10375,614,279.3,Baker Valley I-84 MP279.30 WB,8.285,,375,-117.95979,45.11459,"{""bounds"": ""[)"", ""lower"": ""2016-10-26"", ""upper"": null}"
10376,614,298.02,Baker Valley I-84 MP298.02 WB,2.075,,376,-117.81706,44.87116,"{""bounds"": ""[)"", ""lower"": ""2016-10-26"", ""upper"": null}"
10377,615,298.02,Baker Valley I-84 MP298.02 EB,9.86,,377,-117.81706,44.87116,"{""bounds"": ""[)"", ""lower"": ""2016-10-19"", ""upper"": null}"
10378,614,294.87,Baker Valley I-84 MP294.87 WB,9.36,,378,-117.82422,44.92243,"{""bounds"": ""[)"", ""lower"": ""2016-10-26"", ""upper"": null}"
10379,1,303.1,Greeley (2DS112) to NB I-5,0.475,,379,-122.67563,45.54406,"{""bounds"": ""[)"", ""lower"": ""2016-11-16"", ""upper"": null}"
10536,607,70.99,DSR US26 @ OR216 Jct WB,10.845,,404,-121.60809,45.13251,"{""bounds"": ""[)"", ""lower"": ""2018-05-09"", ""upper"": null}"
10537,606,70.99,DSR US26 @ OR216 Jct EB,10.845,,403,-121.60809,45.13251,"{""bounds"": ""[)"", ""lower"": ""2018-05-09"", ""upper"": null}"
10540,607,61.77,Frog Lake South (2DS119) @ NB US26 MP61.77,2.01,,407,-121.70165,45.23011,"{""bounds"": ""[)"", ""lower"": ""2018-05-09"", ""upper"": null}"
10541,606,61.77,Frog Lake South (2DS119) @ SB US26 MP61.77,2.01,,408,-121.70165,45.23011,"{""bounds"": ""[)"", ""lower"": ""2018-05-09"", ""upper"": null}"
10544,617,12.16,Kings N St (W),0.75,,412,-123.05799,44.08496,"{""bounds"": ""[)"", ""lower"": ""2018-05-17"", ""upper"": null}"
10545,616,12.16,Kings N St (E),0.75,,411,-123.05799,44.08496,"{""bounds"": ""[)"", ""lower"": ""2018-05-17"", ""upper"": null}"
10548,608,73.71,Vista Ridge (2DS108) @ EB US26 MP73.71 to NB I-405,0.545,,415,-122.69324,45.5156,"{""bounds"": ""[)"", ""lower"": ""2018-05-30"", ""upper"": null}"
10549,608,73.71,Vista Ridge (2DS108) @ EB US26 MP73.71 to SW Market St,0.545,,416,-122.69324,45.5156,"{""bounds"": ""[)"", ""lower"": ""2018-05-30"", ""upper"": null}"
10564,607,57.8,US26 (2DS118) @ SB OR35 MP57.80,2.125,,434,-121.70985,45.28374,"{""bounds"": ""[)"", ""lower"": ""2018-09-12"", ""upper"": null}"
10565,606,57.8,US26 (2DS118) @ NB OR35 MP57.80,2.125,,435,-121.70985,45.28374,"{""bounds"": ""[)"", ""lower"": ""2018-09-12"", ""upper"": null}"
10572,4,6.89,N. of 10th (2DS137) @ SB I-205 MP6.89,0.675,,448,-122.64314,45.34888,"{""bounds"": ""[)"", ""lower"": ""2019-03-19"", ""upper"": null}"
10574,4,6.09,S. of 10th (2DS136) @ SB I-205 MP6.09,0.43,,447,-122.65719,45.3496,"{""bounds"": ""[)"", ""lower"": ""2019-03-19"", ""upper"": null}"
230,3,24.82,WB Airport Way (2R056) to NB I-205,0.755,,364,-122.54757,45.57207,"{""bounds"": ""[)"", ""lower"": ""2016-05-24"", ""upper"": null}"
1068,9,4.65,Greenburg (2R337) to NB OR 217,0.79,,5,-122.77842,45.44438,"{""bounds"": ""[)"", ""lower"": ""2017-07-13"", ""upper"": null}"
1019,1,303.88,Going (2R002) to NB I-5,0.465,,166,-122.67791,45.5546,"{""bounds"": ""[)"", ""lower"": ""2015-06-16"", ""upper"": null}"
1005,1,290.54,Lower Boones (2R311) to NB I-5,0.92,,81,-122.74592,45.39715,"{""bounds"": ""[)"", ""lower"": ""2015-02-24"", ""upper"": null}"
3105,4,21.68,Halsey (2DS004) @ SB I-205 MP21.68,0.95,,297,-122.56457,45.53488,"{""bounds"": ""[)"", ""lower"": ""2019-10-14"", ""upper"": null}"
1083,11,64.34,NB 185th Slip (2R376) to EB US 26,0.805,,440,-122.86575,45.54066,"{""bounds"": ""[)"", ""lower"": ""2015-06-02"", ""upper"": null}"
1069,9,5.85,SB OR 99W Slip (2R336) to NB OR 217,0.235,,4,-122.7626,45.43607,"{""bounds"": ""[)"", ""lower"": ""2017-07-13"", ""upper"": null}"
10390,100,4.71,154th,1.0,,503es00471:_MN,-122.551406,45.735259,"{""bounds"": ""[)"", ""lower"": ""2015-02-12"", ""upper"": null}"
3149,7,15.17,223rd (2DS026) @ EB I-84 MP15.17,0.77,,291,-122.43399,45.54189,"{""bounds"": ""[)"", ""lower"": ""2015-02-24"", ""upper"": null}"
1025,1,307.9,Jantzen Beach (2R008) to NB I-5,0.72,,172,-122.6786,45.61181,"{""bounds"": ""[)"", ""lower"": ""2015-06-18"", ""upper"": null}"
1015,1,299.7,Macadam (2R301) to NB I-5,0.95,,68,-122.67273,45.50006,"{""bounds"": ""[)"", ""lower"": ""2014-06-06"", ""upper"": null}"
1043,3,12.94,Or 212/224 (2R045) to NB I-205,1.285,,220,-122.57012,45.40764,"{""bounds"": ""[)"", ""lower"": ""2020-01-07"", ""upper"": null}"
1052,4,19.25,Division (2R031) to SB I-205,0.31,,246,-122.56581,45.50139,"{""bounds"": ""[)"", ""lower"": ""2019-10-14"", ""upper"": null}"
3104,4,7.6,Viewpoint (2DS003) @ SB I-205 MP7.6,0.805,,268,-122.62792,45.35128,"{""bounds"": ""[)"", ""lower"": ""2019-03-19"", ""upper"": null}"
1131,2,293.1,Haines (2R323) to SB I-5,0.94,,173,-122.74443,45.43716,"{""bounds"": ""[)"", ""lower"": ""2015-02-24"", ""upper"": null}"
1124,3,14.56,Sunnybrook(2R053) to NB I-205,0.735,,222,-122.5652,45.43359,"{""bounds"": ""[)"", ""lower"": ""2020-01-07"", ""upper"": null}"
1036,2,299.25,Hood (2R302) to SB I-5,0.3,,69,-122.67383,45.49528,"{""bounds"": ""[)"", ""lower"": ""2014-04-15"", ""upper"": null}"
1128,11,62.8,NB Cornelius Pass Rd Slip (2R397) to EB US 26,0.91,,438,-122.90044,45.55416,"{""bounds"": ""[)"", ""lower"": ""2015-06-02"", ""upper"": null}"
1140,3,23.41,Columbia (2R024) to NB I-205,0.775,,229,-122.56045,45.56269,"{""bounds"": ""[)"", ""lower"": ""2016-05-24"", ""upper"": null}"
1085,11,65.9,Cornell (2R372) to EB US 26,1.53,,195,-122.83643,45.52964,"{""bounds"": ""[)"", ""lower"": ""2015-06-02"", ""upper"": null}"
3103,3,7.6,Viewpoint (2DS003) @ NB I-205 MP7.6,0.835,,264,-122.62792,45.35128,"{""bounds"": ""[)"", ""lower"": ""2019-10-14"", ""upper"": null}"
3144,8,12.16,162nd (2DS023) @ WB I-84 MP12.16,0.785,,305,-122.49509,45.54217,"{""bounds"": ""[)"", ""lower"": ""2015-02-23"", ""upper"": null}"
3167,1,296.9,Terwilliger (2DS054) @ NB I-5 MP297.3,0.4,,154,-122.68902,45.47024,"{""bounds"": ""[)"", ""lower"": ""2014-09-25"", ""upper"": null}"
1006,1,291.61,Carman (2R316) to NB I-5,0.355,,82,-122.74276,45.40912,"{""bounds"": ""[)"", ""lower"": ""2015-02-24"", ""upper"": null}"
3156,10,1.5,Canyon (2DS062) @ SB OR 217 MP1.5,0.58,,51,-122.79244,45.49098,"{""bounds"": ""[)"", ""lower"": ""2014-04-29"", ""upper"": null}"
1141,4,23.41,Columbia (2R025) to SB I-205,0.695,,469,-122.56566,45.55856,"{""bounds"": ""[)"", ""lower"": ""2014-12-04"", ""upper"": null}"
3176,8,3.36,53rd (2DS016) @ WB I-84 MP3.36,0.395,,298,-122.60881,45.52723,"{""bounds"": ""[)"", ""lower"": ""2018-07-26"", ""upper"": null}"
1143,4,21.12,Glisan (2R055) to SB I-205,0.67,,465,-122.56589,45.52472,"{""bounds"": ""[)"", ""lower"": ""2014-12-03"", ""upper"": null}"
1132,5,2.3,Couch (2R389) to NB I-405,0.17,,65,-122.68612,45.52391,"{""bounds"": ""[)"", ""lower"": ""2014-06-06"", ""upper"": null}"
1076,10,3.5,Hall (2R331) to SB OR 217,0.475,,17,-122.78557,45.45933,"{""bounds"": ""[)"", ""lower"": ""2014-04-29"", ""upper"": null}"
3181,12,73.17,Jefferson (2DS068) @ WB US26 MP73.17,0.34,,136,-122.70289,45.51246,"{""bounds"": ""[)"", ""lower"": ""2018-07-02"", ""upper"": null}"
3143,7,12.16,162nd (2DS023) @ EB I-84 MP12.16,0.785,,288,-122.49509,45.54217,"{""bounds"": ""[)"", ""lower"": ""2015-02-23"", ""upper"": null}"
1061,8,2.4,Sandy (2R079) to WB I-84,0.27,,208,-122.62505,45.53405,"{""bounds"": ""[)"", ""lower"": ""2018-07-26"", ""upper"": null}"
3147,7,14.4,207th (2DS025) @ EB I-84 MP14.4,1.065,,290,-122.44903,45.53891,"{""bounds"": ""[)"", ""lower"": ""2015-02-24"", ""upper"": null}"
3201,610,0.2,Ross Island (2DS060) @ NB I-405 MP0.2,146.13,,120,-122.67393,45.5006,"{""bounds"": ""[)"", ""lower"": ""2015-12-02"", ""upper"": null}"
1067,9,3.85,Scholls Ferry (2R338) to NB OR 217,0.625,,6,-122.78365,45.45571,"{""bounds"": ""[)"", ""lower"": ""2014-04-29"", ""upper"": null}"
1109,3,8.8,SB OR 43 (2DS143) to NB I-205,0.235,,215,-122.61088,45.36222,"{""bounds"": ""[)"", ""lower"": ""2019-10-14"", ""upper"": null}"
1123,608,73.62,"EB US 26 (2R383) to NB I-405, Market",2.2,,149,-122.69176,45.5149,"{""bounds"": ""[)"", ""lower"": ""2020-05-14"", ""upper"": null}"
3145,7,13.04,181st (2DS024) @ EB I-84 MP13.04,1.12,,289,-122.47686,45.54129,"{""bounds"": ""[)"", ""lower"": ""2015-02-24"", ""upper"": null}"
1129,12,64.24,185th (2R357) to WB US 26,1.585,,198,-122.86947,45.54298,"{""bounds"": ""[)"", ""lower"": ""2015-06-03"", ""upper"": null}"
3162,12,72.17,Zoo Interchange (2DS065) @ WB US26 MP72.17,0.64,,137,-122.71918,45.507,"{""bounds"": ""[)"", ""lower"": ""2018-07-02"", ""upper"": null}"
3160,12,69.31,OR 217 Camera 89 (2DS067) @ WB US26 MP69.31,0.785,,135,-122.77776,45.50797,"{""bounds"": ""[)"", ""lower"": ""2018-07-26"", ""upper"": null}"
3110,6,1.77,Jefferson (2DS008) @ SB I-405 MP1.77,0.22,,97,-122.68787,45.51688,"{""bounds"": ""[)"", ""lower"": ""2014-06-05"", ""upper"": null}"
3180,11,69.31,OR 217 Camera 89 (2DS067) @ EB US26 MP69.31,0.275,,133,-122.77776,45.50797,"{""bounds"": ""[)"", ""lower"": ""2018-07-26"", ""upper"": null}"
3122,6,4.09,SB I-5 (2DS011) to SB I-405 MP4.09,1.435,,253,-122.67889,45.54731,"{""bounds"": ""[)"", ""lower"": ""2015-06-15"", ""upper"": null}"
1146,609,69.3,Barnes (2R355) to WB US 26 Frontage,0.105,,151,-122.7805,45.50999,"{""bounds"": ""[)"", ""lower"": ""2014-09-17"", ""upper"": null}"
1113,3,3.55,Stafford Rd (2R377) to NB I-205,0.39,,213,-122.70396,45.36896,"{""bounds"": ""[)"", ""lower"": ""2018-07-02"", ""upper"": null}"
1111,10,0.45,Wilshire (2R350) to SB OR 217,0.255,,12,-122.78107,45.50614,"{""bounds"": ""[)"", ""lower"": ""2014-04-29"", ""upper"": null}"
3139,7,10.04,122nd (2DS021) @ EB I-84 MP10.04,2.385,,286,-122.53821,45.54689,"{""bounds"": ""[)"", ""lower"": ""2015-02-23"", ""upper"": null}"
1148,11,72.21,Zoo (2R387) to EB US 26,0.24,,142,-122.71774,45.50663,"{""bounds"": ""[)"", ""lower"": ""2018-07-02"", ""upper"": null}"
3130,7,3.36,53rd (2DS016) @ EB I-84 MP3.36,0.525,,280,-122.60881,45.52723,"{""bounds"": ""[)"", ""lower"": ""2018-07-26"", ""upper"": null}"
10422,101,4.71,154th,1.0,,503es00471:_MS,-122.551558,45.735254,"{""bounds"": ""[)"", ""lower"": ""2015-02-12"", ""upper"": null}"
1084,11,64.29,SB 185th Loop (2R375) to EB US 26,0.77,,437,-122.86844,45.54171,"{""bounds"": ""[)"", ""lower"": ""2015-06-02"", ""upper"": null}"
1090,11,70.9,Canyon (2R366) to EB US 26,0.615,,140,-122.74232,45.50802,"{""bounds"": ""[)"", ""lower"": ""2018-07-26"", ""upper"": null}"
1120,6,1.81,Taylor (2R385) to SB I-405,0.225,,63,-122.68838,45.51697,"{""bounds"": ""[)"", ""lower"": ""2014-06-05"", ""upper"": null}"
1092,12,71.37,Skyline (2R367) to WB US 26,1.005,,145,-122.7361,45.50921,"{""bounds"": ""[)"", ""lower"": ""2018-07-26"", ""upper"": null}"
1063,9,0.66,Walker (2R339) to NB OR 217,0.545,,10,-122.78984,45.49868,"{""bounds"": ""[)"", ""lower"": ""2014-04-29"", ""upper"": null}"
1127,7,3.69,60th (2R073) to EB I-84,0.445,,206,-122.60175,45.52888,"{""bounds"": ""[)"", ""lower"": ""2014-11-18"", ""upper"": null}"
1033,2,303.9,Going (2R020) to SB I-5,0.305,,180,-122.67901,45.55631,"{""bounds"": ""[)"", ""lower"": ""2015-06-16"", ""upper"": null}"
1003,1,289.4,EB Nyberg Loop (2R313) to NB I-5,1.085,,382,-122.7521,45.38188,"{""bounds"": ""[)"", ""lower"": ""2014-07-14"", ""upper"": null}"
3116,2,297.3,Terwilliger (2DS054) @ SB I-5 MP297.3,0.67,,146,-122.68902,45.47024,"{""bounds"": ""[)"", ""lower"": ""2014-09-19"", ""upper"": null}"
1135,6,1.08,Broadway (2R388) to SB I-405,0.09,,61,-122.68478,45.50791,"{""bounds"": ""[)"", ""lower"": ""2014-06-05"", ""upper"": null}"
3128,8,1.21,Holiday ramp (2DS014) @ WB I-84 MP1.21,0.685,,295,-122.64923,45.52976,"{""bounds"": ""[)"", ""lower"": ""2014-11-18"", ""upper"": null}"
3107,4,23.27,Prescott (2DS005) @ SB I-205 MP23.27,0.195,,269,-122.56758,45.55579,"{""bounds"": ""[)"", ""lower"": ""2019-10-14"", ""upper"": null}"
1049,4,24.77,WB Airport Way (2R026) to SB I-205,0.47,,251,-122.55094,45.57188,"{""bounds"": ""[)"", ""lower"": ""2019-10-14"", ""upper"": null}"
3117,1,297.6,Miles (2DS055) @ NB I-5 MP297.6,0.75,,153,-122.67722,45.47125,"{""bounds"": ""[)"", ""lower"": ""2014-09-23"", ""upper"": null}"
1021,1,305.12,Rosa Parks (2R004) to NB I-5,0.6,,168,-122.67798,45.57119,"{""bounds"": ""[)"", ""lower"": ""2015-06-16"", ""upper"": null}"
1034,2,303.1,Greeley (2DS112) to SB I-5,0.48,,179,-122.67563,45.54406,"{""bounds"": ""[)"", ""lower"": ""2015-06-17"", ""upper"": null}"
3153,9,0.25,Wilshire (2DS043) @ NB OR 217 MP0.25,0.455,,56,-122.78043,45.50622,"{""bounds"": ""[)"", ""lower"": ""2014-04-29"", ""upper"": null}"
1095,12,67.0,Murray (2R354) to WB US 26,1.275,,200,-122.81609,45.523,"{""bounds"": ""[)"", ""lower"": ""2015-06-02"", ""upper"": null}"
1136,12,65.65,Bethany (2R356) to WB US 26,1.38,,199,-122.84308,45.53253,"{""bounds"": ""[)"", ""lower"": ""2015-06-02"", ""upper"": null}"
1094,12,68.2,Cedar Hills (2R352) to WB US 26,1.155,,201,-122.79406,45.51473,"{""bounds"": ""[)"", ""lower"": ""2015-06-02"", ""upper"": null}"
1038,2,291.25,Carman (2R322) to SB I-5,0.54,,87,-122.74455,45.40657,"{""bounds"": ""[)"", ""lower"": ""2015-02-24"", ""upper"": null}"
3100,3,1.96,Prosperity Park (2DS001) @ NB I-205 MP1.96,0.92,,262,-122.72952,45.37297,"{""bounds"": ""[)"", ""lower"": ""2018-07-02"", ""upper"": null}"
3127,7,1.21,Holiday ramp (2DS014) @ EB I-84 MP1.21,0.405,,278,-122.64923,45.52976,"{""bounds"": ""[)"", ""lower"": ""2014-11-18"", ""upper"": null}"
1145,609,5.7,Glisan (2R023) to WB I-84,32.2,,211,-122.56481,45.53119,"{""bounds"": ""[)"", ""lower"": ""2014-11-17"", ""upper"": null}"
3192,2,287.46,Norwood (2DS052) @ SB I-5 MP287.46,2.05,,102,-122.76467,45.35355,"{""bounds"": ""[)"", ""lower"": ""2014-07-14"", ""upper"": null}"
1012,1,296.6,Multnomah (2R304) to NB I-5,0.32,,159,-122.69498,45.46537,"{""bounds"": ""[)"", ""lower"": ""2012-03-01"", ""upper"": null}"
1055,7,0.52,Grand (2R075) to EB I-84,0.38,,203,-122.66012,45.52525,"{""bounds"": ""[)"", ""lower"": ""2014-11-18"", ""upper"": null}"
1073,10,5.95,OR 99W (2R334) to SB OR 217,0.45,,20,-122.76079,45.43388,"{""bounds"": ""[)"", ""lower"": ""2017-07-13"", ""upper"": null}"
3101,4,1.96,Prosperity Park (2DS001) @ SB I-205 MP1.96,0.92,,266,-122.72952,45.37297,"{""bounds"": ""[)"", ""lower"": ""2019-10-14"", ""upper"": null}"
3146,8,13.04,181st (2DS024) @ WB I-84 MP13.04,1.12,,306,-122.47686,45.54129,"{""bounds"": ""[)"", ""lower"": ""2015-02-24"", ""upper"": null}"
1060,8,3.43,58th (2R081) to WB I-84,0.445,,209,-122.60529,45.52729,"{""bounds"": ""[)"", ""lower"": ""2014-11-18"", ""upper"": null}"
1100,4,12.67,OR 212/224 (2R038) to SB I-205,1.165,,238,-122.57264,45.40513,"{""bounds"": ""[)"", ""lower"": ""2015-03-10"", ""upper"": null}"
3141,7,11.47,148th (2DS022) @ EB I-84 MP11.47,1.06,,287,-122.50928,45.54242,"{""bounds"": ""[)"", ""lower"": ""2015-02-23"", ""upper"": null}"
1118,10,0.08,Barnes (2R349) to SB OR 217,0.165,,11,-122.77819,45.50941,"{""bounds"": ""[)"", ""lower"": ""2012-03-01"", ""upper"": null}"
1041,3,9.45,99E (2R042) to NB I-205,0.585,,386,-122.60086,45.36375,"{""bounds"": ""[)"", ""lower"": ""2015-03-10"", ""upper"": null}"
1062,8,2.1,33rd (2R077) to WB I-84,0.29,,207,-122.63083,45.5345,"{""bounds"": ""[)"", ""lower"": ""2014-11-18"", ""upper"": null}"
1051,4,20.34,Washington (2R030) to SB I-205,0.6,,466,-122.56593,45.51717,"{""bounds"": ""[)"", ""lower"": ""2019-10-14"", ""upper"": null}"
1079,10,1.92,B-H Hwy (2R345) to SB OR 217,0.525,,14,-122.79355,45.48543,"{""bounds"": ""[)"", ""lower"": ""2014-04-29"", ""upper"": null}"
3158,12,61.05,Helvetia (2DS057) @ WB US26 MP61.05,1.215,,260,-122.9264,45.56464,"{""bounds"": ""[)"", ""lower"": ""2015-06-03"", ""upper"": null}"
3175,8,1.82,28th (2DS015) @ WB I-84 MP1.82,0.445,,296,-122.63511,45.53036,"{""bounds"": ""[)"", ""lower"": ""2014-11-18"", ""upper"": null}"
3185,2,300.8,Madison (2DS071) @ SB I-5 MP300.8,0.91,,45,-122.66793,45.51348,"{""bounds"": ""[)"", ""lower"": ""2014-06-06"", ""upper"": null}"
1115,4,6.25,10th (2R379) to SB I-205,0.4,,233,-122.65356,45.34837,"{""bounds"": ""[)"", ""lower"": ""2019-03-19"", ""upper"": null}"
3177,10,3.4,Hall (2DS064) @ SB OR 217 MP3.4,0.19,,54,-122.78636,45.46386,"{""bounds"": ""[)"", ""lower"": ""2014-04-29"", ""upper"": null}"
3131,7,4.25,Halsey ramp (2DS017) @ EB I-84 MP4.25,0.67,,281,-122.59443,45.53367,"{""bounds"": ""[)"", ""lower"": ""2014-11-18"", ""upper"": null}"
3171,1,303.47,NB I-5 (2DS011) @ I-405 MP303.47,0.39,,254,-122.67889,45.54731,"{""bounds"": ""[)"", ""lower"": ""2016-11-16"", ""upper"": null}"
232,3,24.92,EB Airport Way (2R057) to NB I-205,0.39,,232,-122.54769,45.5721,"{""bounds"": ""[)"", ""lower"": ""2019-10-14"", ""upper"": null}"
1026,2,307.9,Jantzen Beach (2R009) to SB I-5,0.775,,188,-122.6786,45.61181,"{""bounds"": ""[)"", ""lower"": ""2015-06-17"", ""upper"": null}"
1057,7,2.6,Cesar Chavez (2R078) to EB I-84,0.41,,205,-122.62228,45.53284,"{""bounds"": ""[)"", ""lower"": ""2018-07-26"", ""upper"": null}"
3132,8,4.25,Halsey ramp (2DS017) @ WB I-84 MP4.25,0.735,,299,-122.59443,45.53367,"{""bounds"": ""[)"", ""lower"": ""2014-11-18"", ""upper"": null}"
3102,3,5.39,Blankenship (2DS002) @ NB I-205 MP5.39,1.65,,263,-122.66582,45.35738,"{""bounds"": ""[)"", ""lower"": ""2018-07-02"", ""upper"": null}"
3155,9,1.5,Canyon (2DS062) @ NB OR 217 MP1.5,0.41,,52,-122.79244,45.49098,"{""bounds"": ""[)"", ""lower"": ""2014-04-29"", ""upper"": null}"
1077,10,3.12,Denney (2R343) to SB OR 217,0.425,,16,-122.7864,45.46815,"{""bounds"": ""[)"", ""lower"": ""2014-04-29"", ""upper"": null}"
3202,8,16.9,Marine Dr (2DS028) @ WB I-84 MP16.9,0.98,,310,-122.40131,45.54446,"{""bounds"": ""[)"", ""lower"": ""2015-02-23"", ""upper"": null}"
3194,2,298.9,Corbett (2DS056) @ SB I-5 MP298.9,0.825,,40,-122.67668,45.48839,"{""bounds"": ""[)"", ""lower"": ""2014-09-19"", ""upper"": null}"
1050,4,24.66,EB Airport Way (2R027) to SB I-205,0.68,,468,-122.55187,45.57036,"{""bounds"": ""[)"", ""lower"": ""2014-12-03"", ""upper"": null}"
1072,10,6.77,72nd (2R347) to SB OR 217,0.72,,21,-122.75031,45.42486,"{""bounds"": ""[)"", ""lower"": ""2016-03-04"", ""upper"": null}"
3138,8,6.7,102nd (2DS020) @ WB I-84 MP6.7,2.11,,302,-122.55889,45.54448,"{""bounds"": ""[)"", ""lower"": ""2015-02-23"", ""upper"": null}"
1138,11,58.8,Jackson School Rd (2R398) to EB US 26,1.625,,189,-122.96712,45.57848,"{""bounds"": ""[)"", ""lower"": ""2015-06-19"", ""upper"": null}"
10412,502,81.32,Mellen Couplet,0.455,,005es08132:_MS,-122.974021,46.706684,"{""bounds"": ""[)"", ""lower"": ""2017-04-08"", ""upper"": null}"
1990,502,76.54,13th Chehalis,3.005,,005es07654:_MS,-122.958938,46.645828,"{""bounds"": ""[)"", ""lower"": ""2017-04-08"", ""upper"": null}"
10414,502,80.76,MELLEN CPLT OFF ,2.39,,005es08076:_MS,-122.971456,46.699147,"{""bounds"": ""[)"", ""lower"": ""2017-04-08"", ""upper"": null}"
1989,501,76.54,13th Chehalis,3.005,,005es07654:_MN,-122.958851,46.645911,"{""bounds"": ""[)"", ""lower"": ""2017-04-08"", ""upper"": null}"
3137,7,6.7,102nd (2DS020) @ EB I-84 MP6.7,2.11,,312,-122.55889,45.54448,"{""bounds"": ""[)"", ""lower"": ""2015-02-23"", ""upper"": null}"
3032,1,300.8,Madison (2DS042) @ NB I-5 MP300.8,0.645,,44,-122.66793,45.51348,"{""bounds"": ""[)"", ""lower"": ""2015-10-21"", ""upper"": null}"
3195,4,5.39,Blankenship (2DS002) @ SB I-205 MP5.39,1.615,,267,-122.66582,45.35738,"{""bounds"": ""[)"", ""lower"": ""2019-03-19"", ""upper"": null}"
10419,501,81.67,MELLEN ST,0.475,,005es08167:_MN,-122.975486,46.71207,"{""bounds"": ""[)"", ""lower"": ""2017-05-18"", ""upper"": null}"
10404,501,82.27,CDNB Harrison,0.535,,005es08227:_MN,-122.976448,46.720335,"{""bounds"": ""[)"", ""lower"": ""2017-05-18"", ""upper"": null}"
10415,501,83.85,BLAKESLEE JCN,1.415,,005es08385:_MN,-122.978524,46.742748,"{""bounds"": ""[)"", ""lower"": ""2017-05-18"", ""upper"": null}"
10431,501,82.74,Harrison Ave,0.79,,005es08274:_MN,-122.976919,46.727597,"{""bounds"": ""[)"", ""lower"": ""2017-05-18"", ""upper"": null}"
10397,51,0.91,Col. Shores BLVD,0.485,,014es00091:_MW,-122.625692,45.61851,"{""bounds"": ""[)"", ""lower"": ""2017-08-31"", ""upper"": null}"
10398,51,5.0,97th AVE,0.635,,014es00500:_MW,-122.572918,45.608563,"{""bounds"": ""[)"", ""lower"": ""2017-08-31"", ""upper"": null}"
3170,5,4.2,NB I-405 (2DS011) to NB I-5 MP4.2,1.37,,252,-122.67889,45.54731,"{""bounds"": ""[)"", ""lower"": ""2015-06-15"", ""upper"": null}"
3168,1,301.32,N. Morrison Bridge (2DS070) @ NB I-5 MP301.32,0.755,,47,-122.66586,45.52099,"{""bounds"": ""[)"", ""lower"": ""2015-10-21"", ""upper"": null}"
1035,2,302.17,Wheeler (2R018) to SB I-5,0.595,,177,-122.66641,45.53295,"{""bounds"": ""[)"", ""lower"": ""2015-06-17"", ""upper"": null}"
3111,5,2.12,Alder (2DS009) @ NB I-405 MP2.12,0.265,,89,-122.6858,45.52218,"{""bounds"": ""[)"", ""lower"": ""2014-06-06"", ""upper"": null}"
3187,611,299.8,Ross Island (2DS060) SB I-5 MP299.8,4.18,,124,-122.67393,45.5006,"{""bounds"": ""[)"", ""lower"": ""2014-06-06"", ""upper"": null}"
3183,7,16.9,Marine Dr (2DS028) @ EB I-84 MP16.9,0.98,,293,-122.40131,45.54446,"{""bounds"": ""[)"", ""lower"": ""2015-02-23"", ""upper"": null}"
3164,3,21.68,Halsey (2DS004) @ NB I-205 MP21.68,0.79,,273,-122.56457,45.53488,"{""bounds"": ""[)"", ""lower"": ""2019-10-14"", ""upper"": null}"
1047,3,18.1,Foster (2R050) to NB I-205,1.67,,467,-122.56475,45.47896,"{""bounds"": ""[)"", ""lower"": ""2014-12-01"", ""upper"": null}"
1119,6,2.22,Everett (2R386) to SB I-405,1.14,,64,-122.6872,45.52423,"{""bounds"": ""[)"", ""lower"": ""2015-06-15"", ""upper"": null}"
3113,2,285.28,N. Wilsonville (2DS051) @ SB I-5 MP285.28,1.765,,101,-122.76906,45.32328,"{""bounds"": ""[)"", ""lower"": ""2014-09-15"", ""upper"": null}"
3163,11,73.17,Jefferson (2DS068) @ EB US26 MP73.17,0.53,,130,-122.70289,45.51246,"{""bounds"": ""[)"", ""lower"": ""2020-05-14"", ""upper"": null}"
3118,2,297.6,Miles (2DS055) @ SB I-5 MP297.6,0.8,,147,-122.67722,45.47125,"{""bounds"": ""[)"", ""lower"": ""2014-09-19"", ""upper"": null}"
3142,8,11.47,148th (2DS022) @ WB I-84 MP11.47,1.06,,304,-122.50928,45.54242,"{""bounds"": ""[)"", ""lower"": ""2015-02-23"", ""upper"": null}"
1013,1,297.4,Bertha (2R309) to NB I-5,0.35,,355,-122.6845,45.46981,"{""bounds"": ""[)"", ""lower"": ""2014-09-25"", ""upper"": null}"
1114,4,2.86,Stafford Rd (2R390) to SB I-205,1.295,,231,-122.71332,45.37186,"{""bounds"": ""[)"", ""lower"": ""2019-10-14"", ""upper"": null}"
1066,9,2.68,Denney (2R342) to NB OR 217,0.62,,7,-122.78532,45.47017,"{""bounds"": ""[)"", ""lower"": ""2014-04-29"", ""upper"": null}"
3140,8,10.04,122nd (2DS021) @ WB I-84 MP10.04,2.385,,303,-122.53821,45.54689,"{""bounds"": ""[)"", ""lower"": ""2015-02-23"", ""upper"": null}"
1106,4,13.38,Milwaukie Expressway (2R037) to SB I-205,0.825,,240,-122.572,45.41848,"{""bounds"": ""[)"", ""lower"": ""2014-12-02"", ""upper"": null}"
3157,9,3.4,Hall (2DS064) @ NB OR 217 MP3.4,0.585,,53,-122.78636,45.46386,"{""bounds"": ""[)"", ""lower"": ""2014-04-29"", ""upper"": null}"
1107,2,295.18,Capitol (2R306) on SB I-5,1.105,,175,-122.71862,45.45357,"{""bounds"": ""[)"", ""lower"": ""2014-10-22"", ""upper"": null}"
3148,8,14.4,207th (2DS025) @ WB I-84 MP14.4,0.695,,307,-122.44903,45.53891,"{""bounds"": ""[)"", ""lower"": ""2016-05-31"", ""upper"": null}"
3120,2,301.32,N. Morrison Bridge (2DS070) @ SB I-5 MP301.32,0.685,,90,-122.66586,45.52099,"{""bounds"": ""[)"", ""lower"": ""2015-06-17"", ""upper"": null}"
1031,2,304.85,Rosa Parks (2R014) to SB I-5,0.66,,182,-122.67897,45.56889,"{""bounds"": ""[)"", ""lower"": ""2015-06-17"", ""upper"": null}"
1082,11,62.47,SB Cornelius Pass Rd Loop (2R373) to EB US 26,0.775,,439,-122.90192,45.55324,"{""bounds"": ""[)"", ""lower"": ""2015-06-02"", ""upper"": null}"
3169,1,302.52,Broadway (2DS010) @ NB I-5 MP302.52,0.3,,71,-122.66727,45.53625,"{""bounds"": ""[)"", ""lower"": ""2016-11-16"", ""upper"": null}"
1054,4,17.5,Foster (2R033) to SB I-205,1.34,,470,-122.56637,45.47746,"{""bounds"": ""[)"", ""lower"": ""2014-12-01"", ""upper"": null}"
3173,2,305.6,N. Lombard off-ramp (2DS012) @ SB I-5 MP305.6,0.195,,257,-122.67886,45.57877,"{""bounds"": ""[)"", ""lower"": ""2015-06-17"", ""upper"": null}"
1002,1,286.3,WB Elligsen Slip (2R314) to NB I-5,0.68,,78,-122.76859,45.3376,"{""bounds"": ""[)"", ""lower"": ""2014-07-14"", ""upper"": null}"
3108,5,1.15,Broadway (2DS006) @ NB I-405 MP1.15,0.81,,91,-122.68478,45.50792,"{""bounds"": ""[)"", ""lower"": ""2014-06-06"", ""upper"": null}"
3151,7,15.94,238th (2DS027) @ EB I-84 MP15.94,0.865,,292,-122.41853,45.53952,"{""bounds"": ""[)"", ""lower"": ""2015-02-23"", ""upper"": null}"
3106,3,23.27,Prescott (2DS005) @ NB I-205 MP23.27,0.195,,265,-122.56758,45.55579,"{""bounds"": ""[)"", ""lower"": ""2019-10-14"", ""upper"": null}"
1097,7,0.1,EB Morrison (2R074) to EB I-84,0.275,,202,-122.66529,45.52048,"{""bounds"": ""[)"", ""lower"": ""2015-06-17"", ""upper"": null}"
1071,9,6.61,NB 72nd (2R348) to NB OR 217,0.64,,2,-122.75122,45.42685,"{""bounds"": ""[)"", ""lower"": ""2016-03-04"", ""upper"": null}"
1070,9,5.9,NB OR 99W Loop (2R335) to NB OR 217,0.24,,3,-122.75986,45.43428,"{""bounds"": ""[)"", ""lower"": ""2016-03-04"", ""upper"": null}"
3159,12,62.48,Cornelius Pass (2DS066) WB US26 MP62.48,1.595,,261,-122.9006,45.55357,"{""bounds"": ""[)"", ""lower"": ""2015-06-03"", ""upper"": null}"
3196,6,1.15,Broadway (2DS006) @ SB I-405 MP1.15,0.145,,73,-122.68478,45.50792,"{""bounds"": ""[)"", ""lower"": ""2014-06-05"", ""upper"": null}"
1104,4,8.5,OR 43 (2R351) to SB I-205,0.48,,234,-122.6123,45.36205,"{""bounds"": ""[)"", ""lower"": ""2019-10-14"", ""upper"": null}"
10396,55,30.95,SR500 SB,0.585,,205es03095:_MS,-122.571367,45.657112,"{""bounds"": ""[)"", ""lower"": ""2015-04-09"", ""upper"": null}"
10401,54,30.94,SR500 NB,0.575,,205es03094:_MN,-122.570972,45.657269,"{""bounds"": ""[)"", ""lower"": ""2015-04-09"", ""upper"": null}"
10408,502,11.03,209th,0.47,,005es01103:_MS,-122.669899,45.772275,"{""bounds"": ""[)"", ""lower"": ""2015-04-27"", ""upper"": null}"
10416,501,11.03,209th,0.435,,005es01103:_MN,-122.669274,45.772386,"{""bounds"": ""[)"", ""lower"": ""2015-04-27"", ""upper"": null}"
10446,54,30.38,39th NB,0.535,,205es03038:_MN,-122.566092,45.649898,"{""bounds"": ""[)"", ""lower"": ""2015-09-14"", ""upper"": null}"
10391,54,29.87,Burton,0.51,,205es02987:_MN,-122.5633,45.642552,"{""bounds"": ""[)"", ""lower"": ""2015-09-14"", ""upper"": null}"
10429,55,30.36,39th SB,0.54,,205es03036:_MS,-122.56688,45.649508,"{""bounds"": ""[)"", ""lower"": ""2015-09-14"", ""upper"": null}"
10392,51,10.49,East of 192nd,0.965,,014es01049:_MW,-122.465566,45.583793,"{""bounds"": ""[)"", ""lower"": ""2016-04-28"", ""upper"": null}"
10440,51,9.52,Quarry Rd.,0.985,,014es00952:_MW,-122.484928,45.587305,"{""bounds"": ""[)"", ""lower"": ""2016-04-28"", ""upper"": null}"
10409,50,10.49,East of 192nd,0.965,,014es01049:_ME,-122.465619,45.583697,"{""bounds"": ""[)"", ""lower"": ""2016-04-28"", ""upper"": null}"
10389,501,81.32,Mellen Couplet,0.455,,005es08132:_MN,-122.973849,46.706711,"{""bounds"": ""[)"", ""lower"": ""2017-05-18"", ""upper"": null}"
10424,501,80.76,MELLEN CPLT OFF ,2.39,,005es08076:_MN,-122.971274,46.699169,"{""bounds"": ""[)"", ""lower"": ""2017-05-18"", ""upper"": null}"
10606,51,1.93,MP 1.93,0.425,,014es00193:_MW,-122.633766,45.61862,"{""bounds"": ""[)"", ""lower"": ""2019-08-22"", ""upper"": null}"
10600,502,8.24,154th,0.635,,005es00824:_MS,-122.65735,45.732697,"{""bounds"": ""[)"", ""lower"": ""2017-08-31"", ""upper"": null}"
10607,50,1.93,MP 1.93,0.425,,014es00193:_ME,-122.633766,45.6185,"{""bounds"": ""[)"", ""lower"": ""2019-08-22"", ""upper"": null}"
10417,50,0.17,Apple Tree,0.375,,014es00017:_ME,-122.669082,45.622064,"{""bounds"": ""[)"", ""lower"": ""2017-08-31"", ""upper"": null}"
10407,502,7.56,139th,0.47,,005es00756:_MS,-122.654959,45.722834,"{""bounds"": ""[)"", ""lower"": ""2018-03-29"", ""upper"": null}"
10438,502,6.89,129th,0.495,,005es00689:_MS,-122.653155,45.713088,"{""bounds"": ""[)"", ""lower"": ""2018-03-29"", ""upper"": null}"
10603,52,2.35,54th Ave,0.93,,500es00235:_ME,-122.617304,45.64786,"{""bounds"": ""[)"", ""lower"": ""2019-06-26"", ""upper"": null}"
10604,52,3.32,Andresen RD,0.81,,500es00332:_ME,-122.597903,45.64956,"{""bounds"": ""[)"", ""lower"": ""2019-06-26"", ""upper"": null}"
10605,53,3.32,Andresen RD,0.81,,500es00332:_MW,-122.598041,45.649653,"{""bounds"": ""[)"", ""lower"": ""2019-06-26"", ""upper"": null}"
10602,53,2.35,54th Ave,0.93,,500es00235:_MW,-122.617304,45.647993,"{""bounds"": ""[)"", ""lower"": ""2019-06-26"", ""upper"": null}"
10601,501,8.24,154th,0.635,,005es00824:_MN,-122.65705,45.732697,"{""bounds"": ""[)"", ""lower"": ""2020-05-14"", ""upper"": null}"
1516,501,7.3,I-5 NB at 134th,0.335,,005es00730:_MN,-122.654418,45.717047,"{""bounds"": ""[)"", ""lower"": ""2018-03-29"", ""upper"": null}"
10403,501,7.56,139th,0.47,,005es00756:_MN,-122.65476,45.722825,"{""bounds"": ""[)"", ""lower"": ""2018-03-29"", ""upper"": null}"
10400,51,0.17,Apple Tree,0.375,,014es00017:_MW,-122.669169,45.622003,"{""bounds"": ""[)"", ""lower"": ""2017-08-31"", ""upper"": null}"
10402,50,5.0,97th AVE,0.635,,014es00500:_ME,-122.572954,45.608473,"{""bounds"": ""[)"", ""lower"": ""2017-08-31"", ""upper"": null}"
10428,50,0.91,Col. Shores BLVD,0.485,,014es00091:_ME,-122.625719,45.618404,"{""bounds"": ""[)"", ""lower"": ""2017-08-31"", ""upper"": null}"
10399,53,8.75,152nd AVE,2.835,,500es00875:_MW,-122.516603,45.682924,"{""bounds"": ""[)"", ""lower"": ""2017-11-21"", ""upper"": null}"
1515,502,7.3,I-5 SB at 134th,0.335,,005es00730:_MS,-122.654627,45.717013,"{""bounds"": ""[)"", ""lower"": ""2018-03-29"", ""upper"": null}"
10430,501,9.76,179th ST NB,0.985,,005es00976:_MN,-122.663541,45.753931,"{""bounds"": ""[)"", ""lower"": ""2020-05-14"", ""upper"": null}"
1647,501,8.83,I-5 NB at 159th,0.76,,005es00883:_MN,-122.659004,45.739135,"{""bounds"": ""[)"", ""lower"": ""2020-05-14"", ""upper"": null}"
1527,50,4.32,Lieser EB,0.62,,014es00432:_ME,-122.586247,45.611206,"{""bounds"": ""[)"", ""lower"": ""2017-08-31"", ""upper"": null}"
10426,501,6.89,129th,0.495,,005es00689:_MN,-122.65291,45.713107,"{""bounds"": ""[)"", ""lower"": ""2018-03-29"", ""upper"": null}"
10435,50,3.76,73rd AVE,0.635,,014es00376:_ME,-122.597386,45.612859,"{""bounds"": ""[)"", ""lower"": ""2018-03-29"", ""upper"": null}"
10433,51,3.76,73rd AVE,0.635,,014es00376:_MW,-122.597375,45.612951,"{""bounds"": ""[)"", ""lower"": ""2018-03-29"", ""upper"": null}"
10421,53,9.64,79th ST,0.945,,500es00964:_MW,-122.5058,45.680802,"{""bounds"": ""[)"", ""lower"": ""2017-11-21"", ""upper"": null}"
10447,52,8.75,152nd AVE,2.835,,500es00875:_ME,-122.516592,45.682832,"{""bounds"": ""[)"", ""lower"": ""2017-11-21"", ""upper"": null}"
10432,52,9.64,79th ST,0.945,,500es00964:_ME,-122.505942,45.680802,"{""bounds"": ""[)"", ""lower"": ""2017-11-21"", ""upper"": null}"
1529,50,5.59,Ellsworth EB,0.65,,014es00559:_ME,-122.561003,45.605912,"{""bounds"": ""[)"", ""lower"": ""2017-08-31"", ""upper"": null}"
1636,51,13.14,Lady Island,1.13,,014es01314:_MW,-122.416401,45.575262,"{""bounds"": ""[)"", ""lower"": ""2014-05-16"", ""upper"": null}"
1552,501,3.78,63rd,0.575,,005es00378:_MN,-122.665411,45.669626,"{""bounds"": ""[)"", ""lower"": ""2012-03-13"", ""upper"": null}"
10393,55,34.35,ST Johns SB,0.68,,205es03435:_MS,-122.611251,45.695655,"{""bounds"": ""[)"", ""lower"": ""2014-05-16"", ""upper"": null}"
10410,502,9.77,179th ST SB,0.99,,005es00977:_MS,-122.663888,45.75388,"{""bounds"": ""[)"", ""lower"": ""2014-07-28"", ""upper"": null}"
1517,502,8.83,I-5 SB at 159th,0.765,,005es00883:_MS,-122.659279,45.739095,"{""bounds"": ""[)"", ""lower"": ""2014-07-28"", ""upper"": null}"
10434,54,36.67,134th,1.025,,205es03667:_MN,-122.647418,45.716943,"{""bounds"": ""[)"", ""lower"": ""2014-10-31"", ""upper"": null}"
10437,55,36.67,134th,1.025,,205es03667:_MS,-122.647735,45.71678,"{""bounds"": ""[)"", ""lower"": ""2014-10-31"", ""upper"": null}"
1595,501,74.75,Labree Rd Chehalis,1.64,,005es07475:_MN,-122.933496,46.626946,"{""bounds"": ""[)"", ""lower"": ""2012-03-13"", ""upper"": null}"
1596,502,74.75,Labree Rd Chehalis,1.64,,005es07475:_MS,-122.933697,46.62683,"{""bounds"": ""[)"", ""lower"": ""2012-03-13"", ""upper"": null}"
1502,51,1.55,Grand WB,0.51,,014es00155:_MW,-122.642301,45.618626,"{""bounds"": ""[)"", ""lower"": ""2019-08-22"", ""upper"": null}"
10386,50,9.52,Quarry Rd.,0.985,,014es00952:_ME,-122.485001,45.587164,"{""bounds"": ""[)"", ""lower"": ""2016-04-28"", ""upper"": null}"
10420,51,11.45,Camas C/L,0.95,,014es01145:_MW,-122.447321,45.578781,"{""bounds"": ""[)"", ""lower"": ""2016-04-28"", ""upper"": null}"
10388,54,28.36,Mill Plain,0.525,,205es02836:_MN,-122.55901,45.621416,"{""bounds"": ""[)"", ""lower"": ""2016-08-17"", ""upper"": null}"
10413,54,29.36,18th ST NB,0.51,,205es02937:_MN,-122.560715,45.635803,"{""bounds"": ""[)"", ""lower"": ""2016-08-17"", ""upper"": null}"
10395,55,28.36,Mill Plain,0.525,,205es02836:_MS,-122.559473,45.621407,"{""bounds"": ""[)"", ""lower"": ""2016-08-17"", ""upper"": null}"
10441,55,28.85,9th ST,0.5,,205es02885:_MS,-122.559882,45.628441,"{""bounds"": ""[)"", ""lower"": ""2017-04-05"", ""upper"": null}"
10406,55,29.36,18th ST SB,0.51,,205es02937:_MS,-122.561148,45.635727,"{""bounds"": ""[)"", ""lower"": ""2017-04-05"", ""upper"": null}"
10423,55,29.87,Burton,0.5,,205es02987:_MS,-122.563943,45.642437,"{""bounds"": ""[)"", ""lower"": ""2017-04-05"", ""upper"": null}"
10405,502,85.57,L/T COUNTY LINE,1.36,,005es08557:_MS,-122.993161,46.765515,"{""bounds"": ""[)"", ""lower"": ""2017-04-08"", ""upper"": null}"
10411,502,82.27,CDNB Harrison,0.535,,005es08227:_MS,-122.976622,46.720357,"{""bounds"": ""[)"", ""lower"": ""2017-04-08"", ""upper"": null}"
10425,501,85.57,L/T COUNTY LINE,1.36,,005es08557:_MN,-122.992886,46.765581,"{""bounds"": ""[)"", ""lower"": ""2017-04-08"", ""upper"": null}"
10427,502,81.67,MELLEN ST,0.475,,005es08167:_MS,-122.975647,46.71207,"{""bounds"": ""[)"", ""lower"": ""2017-04-08"", ""upper"": null}"
10444,502,83.85,BLAKESLEE JCN,1.415,,005es08385:_MS,-122.97874,46.74269,"{""bounds"": ""[)"", ""lower"": ""2017-04-08"", ""upper"": null}"
1580,501,1.41,4th Plain,0.61,,005es00141:_MN,-122.662114,45.63634,"{""bounds"": ""[)"", ""lower"": ""2013-04-27"", ""upper"": null}"
1528,51,5.59,Ellsworth WB,0.65,,014es00559:_MW,-122.56099,45.606023,"{""bounds"": ""[)"", ""lower"": ""2017-08-31"", ""upper"": null}"
1626,502,12.49,Carty Rd.,0.855,,005es01249:_MS,-122.676182,45.793126,"{""bounds"": ""[)"", ""lower"": ""2012-11-08"", ""upper"": null}"
1593,501,73.26,mp 73.3 (access gate),30.275,,005es07326:_MN,-122.912376,46.610835,"{""bounds"": ""[)"", ""lower"": ""2013-10-14"", ""upper"": null}"
10442,501,13.46,Dolan RD,0.86,,005es01346:_MN,-122.681246,45.806195,"{""bounds"": ""[)"", ""lower"": ""2013-10-14"", ""upper"": null}"
10436,501,14.2,SR-501,29.9,,005es01420:_MN,-122.685972,45.816317,"{""bounds"": ""[)"", ""lower"": ""2013-10-14"", ""upper"": null}"
10394,502,13.46,Dolan RD,0.855,,005es01346:_MS,-122.681683,45.806121,"{""bounds"": ""[)"", ""lower"": ""2013-10-14"", ""upper"": null}"
1594,502,73.26,mp 73.3 (access gate),30.275,,005es07326:_MS,-122.912542,46.61069,"{""bounds"": ""[)"", ""lower"": ""2013-10-14"", ""upper"": null}"
10445,502,14.2,SR-501,29.9,,005es01420:_MS,-122.6864,45.816265,"{""bounds"": ""[)"", ""lower"": ""2013-10-14"", ""upper"": null}"
10439,54,34.34,ST Johns NB,0.68,,205es03434:_MN,-122.610898,45.695884,"{""bounds"": ""[)"", ""lower"": ""2014-05-16"", ""upper"": null}"
1511,502,5.29,99th,0.685,,005es00529:_MS,-122.662359,45.691187,"{""bounds"": ""[)"", ""lower"": ""2012-03-13"", ""upper"": null}"
1643,52,0.66,15th St EB,0.9,,500es00066:_ME,-122.650041,45.650498,"{""bounds"": ""[)"", ""lower"": ""2013-04-27"", ""upper"": null}"
1547,55,32.23,70th SB,0.685,,205es03223:_MS,-122.583518,45.673648,"{""bounds"": ""[)"", ""lower"": ""2014-05-16"", ""upper"": null}"
1631,50,6.3,I-205 E EB,1.065,,014es00630:_ME,-122.547092,45.602676,"{""bounds"": ""[)"", ""lower"": ""2013-04-27"", ""upper"": null}"
10443,50,11.45,Camas C/L,0.95,,014es01145:_ME,-122.447361,45.578681,"{""bounds"": ""[)"", ""lower"": ""2016-04-28"", ""upper"": null}"
10418,54,28.85,9th ST,0.5,,205es02885:_MN,-122.559233,45.62844,"{""bounds"": ""[)"", ""lower"": ""2016-08-17"", ""upper"": null}"
10387,502,82.74,Harrison Ave,0.79,,005es08274:_MS,-122.977116,46.727603,"{""bounds"": ""[)"", ""lower"": ""2017-04-08"", ""upper"": null}"
1603,50,7.72,Cascade Park Dr,1.11,,014es00772:_ME,-122.519766,45.596011,"{""bounds"": ""[)"", ""lower"": ""2013-04-27"", ""upper"": null}"
1623,501,10.8,199th,0.635,,005es01080:_MN,-122.666906,45.764734,"{""bounds"": ""[)"", ""lower"": ""2015-04-27"", ""upper"": null}"
1602,51,3.05,Shorewood WB,0.68,,014es00305:_MW,-122.61214,45.615296,"{""bounds"": ""[)"", ""lower"": ""2018-03-29"", ""upper"": null}"
1503,502,0.88,Evergreen Blvd,0.48,,005es00088:_MS,-122.666588,45.629091,"{""bounds"": ""[)"", ""lower"": ""2013-06-25"", ""upper"": null}"
1588,502,11.75,(SB) SR502,0.73,,005es01175:_MS,-122.673818,45.781513,"{""bounds"": ""[)"", ""lower"": ""2015-04-27"", ""upper"": null}"
1561,55,32.9,Padden,0.61,,205es03290:_MS,-122.592301,45.682154,"{""bounds"": ""[)"", ""lower"": ""2014-05-16"", ""upper"": null}"
1556,501,4.94,86th,0.52,,005es00494:_MN,-122.664245,45.686329,"{""bounds"": ""[)"", ""lower"": ""2012-03-13"", ""upper"": null}"
1608,54,27.26,SR14,0.77,,205es02726:_MN,-122.551833,45.606731,"{""bounds"": ""[)"", ""lower"": ""2012-03-13"", ""upper"": null}"
1609,55,27.26,SR14,0.77,,205es02726:_MS,-122.552132,45.606709,"{""bounds"": ""[)"", ""lower"": ""2012-03-13"", ""upper"": null}"
1624,502,10.81,199th,0.63,,005es01081:_MS,-122.667227,45.764697,"{""bounds"": ""[)"", ""lower"": ""2015-04-27"", ""upper"": null}"
1510,501,3.1,Main St,0.615,,005es00310:_MN,-122.665413,45.659595,"{""bounds"": ""[)"", ""lower"": ""2012-03-13"", ""upper"": null}"
1627,501,2.1,35th St,0.57,,005es00210:_MN,-122.661642,45.646419,"{""bounds"": ""[)"", ""lower"": ""2013-04-27"", ""upper"": null}"
1604,51,7.72,Cascade Park Dr,1.11,,014es00772:_MW,-122.519709,45.596105,"{""bounds"": ""[)"", ""lower"": ""2013-04-27"", ""upper"": null}"
1637,50,14.65,Union,1.255,,014es01465:_ME,-122.385283,45.580171,"{""bounds"": ""[)"", ""lower"": ""2014-05-16"", ""upper"": null}"
1507,502,2.55,Kiggins,0.5,,005es00255:_MS,-122.662796,45.652577,"{""bounds"": ""[)"", ""lower"": ""2013-04-27"", ""upper"": null}"
1625,501,12.48,Carty Rd.,0.895,,005es01248:_MN,-122.675717,45.793184,"{""bounds"": ""[)"", ""lower"": ""2012-11-08"", ""upper"": null}"
1555,502,4.25,78th,0.58,,005es00425:_MS,-122.664671,45.676586,"{""bounds"": ""[)"", ""lower"": ""2012-03-13"", ""upper"": null}"
1638,51,14.65,Union,1.255,,014es01465:_MW,-122.385304,45.580313,"{""bounds"": ""[)"", ""lower"": ""2014-05-16"", ""upper"": null}"
1610,54,27.8,10th,0.55,,205es02780:_MN,-122.554088,45.614381,"{""bounds"": ""[)"", ""lower"": ""2015-03-27"", ""upper"": null}"
1554,501,4.25,78th,0.58,,005es00425:_MN,-122.664438,45.676581,"{""bounds"": ""[)"", ""lower"": ""2012-03-13"", ""upper"": null}"
1605,50,8.52,164th EB,0.9,,014es00852:_ME,-122.504397,45.591815,"{""bounds"": ""[)"", ""lower"": ""2015-04-27"", ""upper"": null}"
1600,51,2.4,Blandford WB,0.56,,014es00240:_MW,-122.624395,45.61837,"{""bounds"": ""[)"", ""lower"": ""2019-08-22"", ""upper"": null}"
1535,54,34.81,50th,0.64,,205es03481:_MN,-122.620127,45.699421,"{""bounds"": ""[)"", ""lower"": ""2013-12-11"", ""upper"": null}"
1583,502,0.45,SR-14,0.665,,005es00045:_MS,-122.670745,45.623839,"{""bounds"": ""[)"", ""lower"": ""2013-06-25"", ""upper"": null}"
1606,51,8.52,164th WB,0.9,,014es00852:_MW,-122.504347,45.591917,"{""bounds"": ""[)"", ""lower"": ""2015-04-27"", ""upper"": null}"
1613,54,32.22,70th NB,0.685,,205es03222:_MN,-122.583144,45.673764,"{""bounds"": ""[)"", ""lower"": ""2014-05-16"", ""upper"": null}"
1618,53,3.97,Thurston WB,2.715,,500es00397:_MW,-122.587124,45.654517,"{""bounds"": ""[)"", ""lower"": ""2019-06-26"", ""upper"": null}"
1628,502,2.1,35th St,0.57,,005es00210:_MS,-122.661875,45.64642,"{""bounds"": ""[)"", ""lower"": ""2013-04-27"", ""upper"": null}"
1632,51,6.3,I-205 E WB,1.065,,014es00630:_MW,-122.547206,45.602824,"{""bounds"": ""[)"", ""lower"": ""2013-04-27"", ""upper"": null}"
1646,53,1.46,Burnt Bridge WB,0.845,,500es00146:_MW,-122.635412,45.646219,"{""bounds"": ""[)"", ""lower"": ""2019-04-03"", ""upper"": null}"
1570,501,11.67,(NB) SR502,0.725,,005es01167:_MN,-122.671736,45.780925,"{""bounds"": ""[)"", ""lower"": ""2015-04-27"", ""upper"": null}"
1533,55,27.8,10th,0.55,,205es02780:_MS,-122.55444,45.614261,"{""bounds"": ""[)"", ""lower"": ""2015-03-27"", ""upper"": null}"
1514,501,6.31,Salmon Cr. NB,0.8,,005es00631:_MN,-122.654888,45.70507,"{""bounds"": ""[)"", ""lower"": ""2015-04-02"", ""upper"": null}"
1557,502,4.94,86th,0.52,,005es00494:_MS,-122.664433,45.686353,"{""bounds"": ""[)"", ""lower"": ""2012-03-13"", ""upper"": null}"
1553,502,3.78,63rd,0.575,,005es00378:_MS,-122.665651,45.669662,"{""bounds"": ""[)"", ""lower"": ""2012-03-13"", ""upper"": null}"
1512,501,5.29,99th,0.685,,005es00529:_MN,-122.662149,45.691174,"{""bounds"": ""[)"", ""lower"": ""2012-03-13"", ""upper"": null}"
1504,501,0.88,Evergreen Blvd,0.48,,005es00088:_MN,-122.666339,45.629063,"{""bounds"": ""[)"", ""lower"": ""2013-06-25"", ""upper"": null}"
1508,501,2.55,Kiggins,0.5,,005es00255:_MN,-122.662607,45.652644,"{""bounds"": ""[)"", ""lower"": ""2013-04-27"", ""upper"": null}"
1634,51,12.39,6th Ave,0.845,,014es01239:_MW,-122.428295,45.58065,"{""bounds"": ""[)"", ""lower"": ""2016-04-28"", ""upper"": null}"
1633,50,12.39,6th Ave,0.845,,014es01239:_ME,-122.428448,45.580571,"{""bounds"": ""[)"", ""lower"": ""2016-04-28"", ""upper"": null}"
1630,51,0.58,Pearson WB,0.37,,014es00058:_MW,-122.661711,45.61931,"{""bounds"": ""[)"", ""lower"": ""2017-08-31"", ""upper"": null}"
1513,502,6.31,Salmon Cr. SB,0.8,,005es00631:_MS,-122.655078,45.705051,"{""bounds"": ""[)"", ""lower"": ""2015-04-02"", ""upper"": null}"
1509,502,3.1,Main St,0.615,,005es00310:_MS,-122.665641,45.659535,"{""bounds"": ""[)"", ""lower"": ""2012-03-13"", ""upper"": null}"
1581,502,1.41,4th Plain,0.61,,005es00141:_MS,-122.662374,45.636287,"{""bounds"": ""[)"", ""lower"": ""2013-04-27"", ""upper"": null}"
1545,54,32.9,Padden,0.615,,205es03290:_MN,-122.59192,45.682404,"{""bounds"": ""[)"", ""lower"": ""2014-05-16"", ""upper"": null}"
1640,55,31.53,NE 58th,0.64,,205es03153:_MS,-122.577815,45.664364,"{""bounds"": ""[)"", ""lower"": ""2015-01-22"", ""upper"": null}"
1582,501,0.45,SR-14,0.665,,005es00045:_MN,-122.670656,45.623675,"{""bounds"": ""[)"", ""lower"": ""2013-06-25"", ""upper"": null}"
1614,54,35.62,119th,0.93,,205es03562:_MN,-122.631748,45.707424,"{""bounds"": ""[)"", ""lower"": ""2014-10-31"", ""upper"": null}"
1635,50,13.14,Lady Island,1.13,,014es01314:_ME,-122.416389,45.575182,"{""bounds"": ""[)"", ""lower"": ""2014-05-16"", ""upper"": null}"
1642,55,33.45,Andresen,0.725,,205es03345:_MS,-122.601628,45.687499,"{""bounds"": ""[)"", ""lower"": ""2014-05-16"", ""upper"": null}"
1599,50,2.4,Blandford EB,0.56,,014es00240:_ME,-122.624427,45.618253,"{""bounds"": ""[)"", ""lower"": ""2019-08-22"", ""upper"": null}"
1644,53,0.66,15th St WB,0.9,,500es00066:_MW,-122.649986,45.650627,"{""bounds"": ""[)"", ""lower"": ""2013-04-27"", ""upper"": null}"
1629,50,0.58,Pearson EB,0.37,,014es00058:_ME,-122.661752,45.61918,"{""bounds"": ""[)"", ""lower"": ""2017-08-31"", ""upper"": null}"
1501,50,1.55,Grand EB,0.51,,014es00155:_ME,-122.642281,45.618513,"{""bounds"": ""[)"", ""lower"": ""2019-08-22"", ""upper"": null}"
1645,52,1.46,Burnt Bridge EB,0.845,,500es00146:_ME,-122.635437,45.646095,"{""bounds"": ""[)"", ""lower"": ""2019-04-03"", ""upper"": null}"
1601,50,3.05,Shorewood EB,0.68,,014es00305:_ME,-122.612167,45.615193,"{""bounds"": ""[)"", ""lower"": ""2018-03-29"", ""upper"": null}"
1617,52,3.97,Thurston EB,2.715,,500es00397:_ME,-122.587026,45.654407,"{""bounds"": ""[)"", ""lower"": ""2019-06-26"", ""upper"": null}"
1526,51,4.32,Lieser WB,0.62,,014es00432:_MW,-122.586248,45.611337,"{""bounds"": ""[)"", ""lower"": ""2017-08-31"", ""upper"": null}"
1641,54,33.45,Andresen,0.72,,205es03345:_MN,-122.601211,45.687703,"{""bounds"": ""[)"", ""lower"": ""2014-05-16"", ""upper"": null}"
1639,54,31.53,NE 58th,0.64,,205es03153:_MN,-122.577402,45.664477,"{""bounds"": ""[)"", ""lower"": ""2015-01-22"", ""upper"": null}"
1536,55,34.81,50th,0.635,,205es03481:_MS,-122.620197,45.699144,"{""bounds"": ""[)"", ""lower"": ""2013-12-11"", ""upper"": null}"
1537,55,35.62,119th,0.93,,205es03562:_MS,-122.632189,45.707255,"{""bounds"": ""[)"", ""lower"": ""2014-10-31"", ""upper"": null}"
